securityId,time,maturity,asset,issuer,rating,etfRisk,bondRisk,totalRisk
GBAJI0Y6DPB3,08:00,5Y-10Y,INCO,Deutsche Bank,A,5567.09,3741.46,9308.55
FRSAHXTHV3A2,08:00,2Y-5Y,CORPS,Citi,BB,-12018.48,-10269.18,-22287.66
AUMF8MDD4V37,08:00,20Y+,REIT,Deutsche Bank,A+,-38436.67,-24568.71,-63005.39
NLE7CKW5NGC3,08:00,20Y+,REIT,BNP,A-,30158.47,-28619.42,1539.05
JP945NQ4FMY1,08:00,0Y-2Y,GOVT,JP Morgan Chase,A,66.21,-49047.81,-48981.6
SEWTIQJ7YHL0,08:00,20Y+,GOVT,JP Morgan Chase,BBB+,35390.55,30604.42,65994.97
FR32OC6UZHR7,08:00,5Y-10Y,CORPS,Goldman Sachs,BB-,13049.95,1516.3,14566.25
DEJIUJV6OH98,08:00,5Y-10Y,REIT,UBS,A,-40576.01,-48311.72,-88887.72
CHDBDW2PCN98,08:00,2Y-5Y,FIN,Goldman Sachs,AA,32312.84,45201.9,77514.74
JP84AZYTJXE6,08:00,2Y-5Y,REIT,UBS,B+,-12882.07,-9810.38,-22692.45
DEQ85JSG65K8,08:00,20Y+,CORPS,Goldman Sachs,B-,-50000,23146.17,-26853.83
SEHNF877VRE5,08:00,2Y-5Y,INCO,Goldman Sachs,AA,-41284.43,25995.42,-15289.02
JPIIUC039TE7,08:00,20Y+,GOVT,Goldman Sachs,BB-,24667.69,-39373.59,-14705.9
NLFSV871YZO5,08:00,0Y-2Y,INCO,UBS,B,-46380.48,-23616.63,-69997.11
CH6QICATVAZ0,08:00,20Y+,CORPS,Bank of America,BB-,15238.64,16710.48,31949.12
FRCBLSKRT059,08:00,0Y-2Y,GOVT,Societe Generale,B+,2575.74,-1423.46,1152.28
CHIRODXMO5B1,08:00,20Y+,FIN,Deutsche Bank,B+,46048.61,-41072.11,4976.5
USOM5IGQPKI1,08:00,10Y-20Y,GOVT,JP Morgan Chase,BB+,34128.06,16563.92,50691.98
CH34DXTAD1I6,08:00,0Y-2Y,CORPS,BNP,BB,-10305.84,-23046.67,-33352.51
CHR56FAO72K8,08:00,0Y-2Y,INCO,HSBC,AA,38696.59,-49745.15,-11048.56
CHFK8UT0CVS8,08:00,5Y-10Y,REIT,Societe Generale,B-,39238.93,24390.59,63629.52
DECS4CC5O7U9,08:00,10Y-20Y,CORPS,UBS,B-,40400.83,26793.94,67194.77
SEBCXULJYLJ2,08:00,0Y-2Y,FIN,Citi,BB-,2189.94,-34750.3,-32560.36
JPQ77AWUDTS2,08:00,0Y-2Y,CORPS,UBS,BBB+,-38501.81,-32596.47,-71098.27
CA55NF4ZW9X0,08:00,10Y-20Y,REIT,BNP,AA+,21695.01,39844.85,61539.86
NLKX7EEDTJV5,08:00,10Y-20Y,FIN,BNP,B-,31495.68,38060.48,69556.17
FRY4SJ6BW3B5,08:00,0Y-2Y,FIN,Goldman Sachs,B,43074.52,-41206.88,1867.64
DEWJ0TPAC568,08:00,10Y-20Y,CORPS,HSBC,BB,-2927.05,15680.58,12753.52
US4UFEL62463,08:00,0Y-2Y,FIN,Deutsche Bank,A-,16297.65,12922.9,29220.55
FRYMU5907IF2,08:00,2Y-5Y,CORPS,JP Morgan Chase,A+,7147.96,-6103.69,1044.27
AUA0L7253J21,08:00,2Y-5Y,CORPS,BNP,A,-14344.38,-14065.0,-28409.37
AU54I3QK2IA3,08:00,20Y+,GOVT,Societe Generale,B-,6084.38,-12845.39,-6761.01
AUL58KXO9T71,08:00,20Y+,GOVT,UBS,BB-,8572.35,-551.12,8021.23
JPG8JDP0LVS6,08:00,5Y-10Y,REIT,Goldman Sachs,BB,30845.56,-23166.9,7678.66
SEGBPS3Y70H6,08:00,20Y+,GOVT,Citi,BB-,41094.26,-26930.26,14164.0
GB87WXE6SYL4,08:00,5Y-10Y,INCO,UBS,A,16205.64,-31814.62,-15608.99
NLEP7Y6WKTA4,08:00,0Y-2Y,REIT,UBS,AA,10911.3,-21459.18,-10547.88
FRPUXQPHR622,08:00,0Y-2Y,CORPS,JP Morgan Chase,AA+,-23859.93,2252.13,-21607.8
GBKXWD8IL3F0,08:00,0Y-2Y,CORPS,Morgan Stanley,A,5146.6,-39302.36,-34155.76
FR9W1Q5UZNO2,08:00,0Y-2Y,GOVT,JP Morgan Chase,AA,32380.04,-35512.0,-3131.96
US6452H2ZQU1,08:00,10Y-20Y,INCO,UBS,BB,7157.33,3234.33,10391.66
CHEQTUL1P366,08:00,20Y+,GOVT,Deutsche Bank,B,-15197.02,-36568.59,-51765.61
NLQF5Q14J1R3,08:00,10Y-20Y,INCO,Citi,AA,20743.97,-44839.26,-24095.29
JPPZIM6CFNF3,08:00,20Y+,INCO,Bank of America,A,20368.84,18334.4,38703.25
GBOLQC3O18A9,08:00,5Y-10Y,INCO,UBS,B-,4827.82,-4390.7,437.13
AUR7KO64T023,08:00,20Y+,GOVT,Morgan Stanley,BB-,-13866.27,-47255.96,-61122.23
CHHPBMYOFQE9,08:00,10Y-20Y,INCO,HSBC,B-,-32797.03,21950.31,-10846.72
NLAOUAXEQBN3,08:00,20Y+,INCO,Goldman Sachs,A-,22074.36,42843.4,64917.77
CHL1N13JCAT5,08:00,0Y-2Y,FIN,JP Morgan Chase,BBB+,9934.77,-8507.61,1427.16
FRX2X18HAFE1,08:00,0Y-2Y,FIN,Societe Generale,B+,-44620.5,-19727.1,-64347.6
SE8QJNV8Z2F4,08:00,20Y+,REIT,Societe Generale,AA+,-12454.76,47771.99,35317.24
GBU7U6N7HV33,08:00,20Y+,CORPS,Societe Generale,AA,-16024.96,-23680.26,-39705.22
GBZKY22UBTX1,08:00,2Y-5Y,INCO,JP Morgan Chase,B,-19341.42,25020.73,5679.31
NLXAPRPN6QF2,08:00,5Y-10Y,CORPS,Morgan Stanley,B-,34445.08,11256.26,45701.34
NL8J3TRP0J41,08:00,20Y+,REIT,HSBC,AA,-413.26,-36370.85,-36784.1
JP5IQVNB4GH4,08:00,5Y-10Y,CORPS,Bank of America,BB,-21927.95,43419.04,21491.09
CAKV5USGIOT3,08:00,20Y+,CORPS,BNP,BB,-48297.59,-43409.69,-91707.28
CHXR2DHYLUR8,08:00,2Y-5Y,GOVT,HSBC,BB-,-46277.9,22503.46,-23774.45
CAP0LZJJEGE8,08:00,0Y-2Y,GOVT,BNP,AA,-24163.59,19879.36,-4284.23
DEG0JV1V93K5,08:00,0Y-2Y,GOVT,JP Morgan Chase,AA+,44729.17,20977.86,65707.03
DEKZEBBK7W11,08:00,5Y-10Y,REIT,Citi,B,-18143.88,-20224.18,-38368.05
USUQPGB7R3O1,08:00,2Y-5Y,REIT,Goldman Sachs,AA,-8029.5,19036.58,11007.07
SEWBFUK9E1V9,08:00,0Y-2Y,REIT,HSBC,BB-,-19871.27,37234.17,17362.9
FR1N6KVPUC81,08:00,0Y-2Y,FIN,UBS,A,-36480.0,38054.88,1574.88
FRWJCITFOYQ0,08:00,20Y+,REIT,Bank of America,BBB+,-31314.52,-21768.66,-53083.18
FRKK4CIJ2V23,08:00,10Y-20Y,FIN,Deutsche Bank,BB,-37869.31,32657.83,-5211.49
AUEIFJFC2V34,08:00,20Y+,GOVT,Societe Generale,BB+,28356.7,-8649.18,19707.52
CHEYZ7SRCBP5,08:00,20Y+,FIN,HSBC,B-,2868.99,-23156.49,-20287.5
SEJD84U89YJ0,08:00,0Y-2Y,FIN,Societe Generale,B,4755.31,-33432.47,-28677.16
DEQX6GVWRDM5,08:00,5Y-10Y,INCO,Bank of America,B,47590.14,17212.7,64802.84
CAY4LYK83TQ5,08:00,10Y-20Y,FIN,Morgan Stanley,BB-,-501.58,36322.38,35820.8
JPL8OS9XTOG5,08:00,5Y-10Y,FIN,Citi,BBB+,3249.74,-9748.59,-6498.85
SE1W1HT7PZE9,08:00,2Y-5Y,FIN,Bank of America,B,24620.81,-32691.25,-8070.44
FRZLAOI4E8X2,08:00,2Y-5Y,INCO,Morgan Stanley,BB,-20040.65,19916.78,-123.87
CH7KZORQQFG9,08:00,5Y-10Y,INCO,UBS,A,-6009.41,3958.94,-2050.48
NL0EC14M2JA4,08:00,0Y-2Y,GOVT,Societe Generale,B,11329.85,-18606.26,-7276.41
SEUX5QRL1N73,08:00,0Y-2Y,INCO,Citi,A+,3729.72,21611.92,25341.63
FRUI1B0Z3NX2,08:00,0Y-2Y,INCO,Societe Generale,BB+,-3456.68,-27402.66,-30859.34
CH8E8LD4D6A2,08:00,10Y-20Y,REIT,Morgan Stanley,B+,-1113.88,-42364.05,-43477.93
AU58C2JWOCL8,08:00,10Y-20Y,GOVT,Goldman Sachs,B,8260.06,769.17,9029.23
AU8W5RTWIYK3,08:00,10Y-20Y,REIT,Bank of America,BB,-3406.42,-40801.77,-44208.19
GBPDW5PY6B24,08:00,10Y-20Y,GOVT,JP Morgan Chase,BB+,41061.48,-8055.11,33006.37
CANFTU2GC5W3,08:00,10Y-20Y,REIT,HSBC,B+,2384.89,-40388.19,-38003.3
CH6FQJJA26Y2,08:00,5Y-10Y,CORPS,Societe Generale,A-,-20415.29,32476.67,12061.37
GBPMVXPJ4HN7,08:00,5Y-10Y,GOVT,Morgan Stanley,BB,-43796.96,28271.9,-15525.05
GBIUU9K9XJU0,08:00,20Y+,CORPS,Societe Generale,AA,-46973.06,16495.84,-30477.21
SE0361I2HGJ2,08:00,10Y-20Y,INCO,Bank of America,B,-18487.69,-27718.58,-46206.27
GB6XLPU0DK02,08:00,5Y-10Y,REIT,Goldman Sachs,BBB+,-19924.52,463.93,-19460.59
FRET8T63J3R4,08:00,5Y-10Y,FIN,Goldman Sachs,BB,-33582.19,19915.98,-13666.21
CA2QC1IYYO48,08:00,2Y-5Y,FIN,BNP,BB,-1187.06,-17603.5,-18790.56
CADOJEN0JNW5,08:00,20Y+,INCO,Bank of America,BBB+,-35947.98,-31745.89,-67693.87
GBYQW7LVXWQ4,08:00,0Y-2Y,INCO,JP Morgan Chase,A+,-45201.08,4021.53,-41179.55
AUEBB9EITNN8,08:00,5Y-10Y,GOVT,BNP,BB,7655.29,-27429.65,-19774.36
AUV05X4W7KY3,08:00,20Y+,CORPS,Morgan Stanley,B,-20648.73,33897.68,13248.95
CHQIN9N6XCJ1,08:00,10Y-20Y,FIN,Deutsche Bank,B-,23680.35,35618.6,59298.95
CHDHX8BM92H8,08:00,20Y+,CORPS,UBS,AA,20508.43,7919.77,28428.21
FRV3I12VJ998,08:00,20Y+,GOVT,BNP,AA,-13212.05,32535.87,19323.81
JP2D5EM2VAJ2,08:00,0Y-2Y,CORPS,Bank of America,BB,-32236.34,-23429.9,-55666.24
AUS0R2SDS8B8,08:00,10Y-20Y,INCO,HSBC,BB-,-4712.68,1651.35,-3061.34
JPQ8CROYR6C1,08:00,0Y-2Y,FIN,Morgan Stanley,BBB+,8395.3,5008.05,13403.35
GBAJI0Y6DPB3,09:00,5Y-10Y,INCO,Deutsche Bank,A,7199.95,4505.01,11704.96
FRSAHXTHV3A2,09:00,2Y-5Y,CORPS,Citi,BB,-15794.42,-10300.27,-26094.69
AUMF8MDD4V37,09:00,20Y+,REIT,Deutsche Bank,A+,-41156.06,-24700.38,-65856.44
NLE7CKW5NGC3,09:00,20Y+,REIT,BNP,A-,27956.46,-24223.69,3732.77
JP945NQ4FMY1,09:00,0Y-2Y,GOVT,JP Morgan Chase,A,-806.77,-46805.57,-47612.34
SEWTIQJ7YHL0,09:00,20Y+,GOVT,JP Morgan Chase,BBB+,36327.72,34649.94,70977.65
FR32OC6UZHR7,09:00,5Y-10Y,CORPS,Goldman Sachs,BB-,11853.65,490.61,12344.26
DEJIUJV6OH98,09:00,5Y-10Y,REIT,UBS,A,-37807.88,-45367.47,-83175.35
CHDBDW2PCN98,09:00,2Y-5Y,FIN,Goldman Sachs,AA,34940.73,42379.95,77320.67
JP84AZYTJXE6,09:00,2Y-5Y,REIT,UBS,B+,-9004.61,-9109.1,-18113.71
DEQ85JSG65K8,09:00,20Y+,CORPS,Goldman Sachs,B-,-50000,18243.4,-31756.6
SEHNF877VRE5,09:00,2Y-5Y,INCO,Goldman Sachs,AA,-43553.49,25664.95,-17888.53
JPIIUC039TE7,09:00,20Y+,GOVT,Goldman Sachs,BB-,25258.79,-42712.74,-17453.95
NLFSV871YZO5,09:00,0Y-2Y,INCO,UBS,B,-50000,-22921.51,-72921.51
CH6QICATVAZ0,09:00,20Y+,CORPS,Bank of America,BB-,16733.12,13152.68,29885.8
FRCBLSKRT059,09:00,0Y-2Y,GOVT,Societe Generale,B+,-845.77,-2927.66,-3773.43
CHIRODXMO5B1,09:00,20Y+,FIN,Deutsche Bank,B+,41492.81,-38447.79,3045.01
USOM5IGQPKI1,09:00,10Y-20Y,GOVT,JP Morgan Chase,BB+,36430.52,12552.73,48983.25
CH34DXTAD1I6,09:00,0Y-2Y,CORPS,BNP,BB,-10572.48,-25735.73,-36308.21
CHR56FAO72K8,09:00,0Y-2Y,INCO,HSBC,AA,41387.9,-50000,-8612.1
CHFK8UT0CVS8,09:00,5Y-10Y,REIT,Societe Generale,B-,40612.33,27739.09,68351.42
DECS4CC5O7U9,09:00,10Y-20Y,CORPS,UBS,B-,43766.51,31270.19,75036.69
SEBCXULJYLJ2,09:00,0Y-2Y,FIN,Citi,BB-,6519.45,-39604.66,-33085.21
JPQ77AWUDTS2,09:00,0Y-2Y,CORPS,UBS,BBB+,-39546.08,-30826.49,-70372.56
CA55NF4ZW9X0,09:00,10Y-20Y,REIT,BNP,AA+,19600.48,43397.48,62997.96
NLKX7EEDTJV5,09:00,10Y-20Y,FIN,BNP,B-,29012.12,42201.04,71213.16
FRY4SJ6BW3B5,09:00,0Y-2Y,FIN,Goldman Sachs,B,47651.15,-37036.84,10614.32
DEWJ0TPAC568,09:00,10Y-20Y,CORPS,HSBC,BB,-2181.93,18302.6,16120.67
US4UFEL62463,09:00,0Y-2Y,FIN,Deutsche Bank,A-,12567.65,15519.4,28087.05
FRYMU5907IF2,09:00,2Y-5Y,CORPS,JP Morgan Chase,A+,3019.93,-4588.96,-1569.04
AUA0L7253J21,09:00,2Y-5Y,CORPS,BNP,A,-18140.47,-16510.17,-34650.64
AU54I3QK2IA3,09:00,20Y+,GOVT,Societe Generale,B-,9834.59,-8572.1,1262.49
AUL58KXO9T71,09:00,20Y+,GOVT,UBS,BB-,8145.71,2185.61,10331.33
JPG8JDP0LVS6,09:00,5Y-10Y,REIT,Goldman Sachs,BB,35255.82,-27472.85,7782.97
SEGBPS3Y70H6,09:00,20Y+,GOVT,Citi,BB-,44866.85,-29322.62,15544.22
GB87WXE6SYL4,09:00,5Y-10Y,INCO,UBS,A,15416.41,-30025.14,-14608.73
NLEP7Y6WKTA4,09:00,0Y-2Y,REIT,UBS,AA,6998.78,-26340.91,-19342.13
FRPUXQPHR622,09:00,0Y-2Y,CORPS,JP Morgan Chase,AA+,-21644.78,4781.9,-16862.87
GBKXWD8IL3F0,09:00,0Y-2Y,CORPS,Morgan Stanley,A,3297.9,-38881.07,-35583.16
FR9W1Q5UZNO2,09:00,0Y-2Y,GOVT,JP Morgan Chase,AA,36200.92,-33170.89,3030.03
US6452H2ZQU1,09:00,10Y-20Y,INCO,UBS,BB,5104.28,3808.83,8913.11
CHEQTUL1P366,09:00,20Y+,GOVT,Deutsche Bank,B,-18502.28,-34361.52,-52863.8
NLQF5Q14J1R3,09:00,10Y-20Y,INCO,Citi,AA,21215.4,-40485.46,-19270.06
JPPZIM6CFNF3,09:00,20Y+,INCO,Bank of America,A,16779.99,14174.87,30954.87
GBOLQC3O18A9,09:00,5Y-10Y,INCO,UBS,B-,6608.2,-3111.54,3496.66
AUR7KO64T023,09:00,20Y+,GOVT,Morgan Stanley,BB-,-11812.51,-45282.89,-57095.4
CHHPBMYOFQE9,09:00,10Y-20Y,INCO,HSBC,B-,-34870.15,24631.48,-10238.68
NLAOUAXEQBN3,09:00,20Y+,INCO,Goldman Sachs,A-,17872.07,39139.54,57011.61
CHL1N13JCAT5,09:00,0Y-2Y,FIN,JP Morgan Chase,BBB+,14575.07,-9810.64,4764.44
FRX2X18HAFE1,09:00,0Y-2Y,FIN,Societe Generale,B+,-46931.75,-22665.54,-69597.29
SE8QJNV8Z2F4,09:00,20Y+,REIT,Societe Generale,AA+,-16378.6,47929.19,31550.59
GBU7U6N7HV33,09:00,20Y+,CORPS,Societe Generale,AA,-11494.43,-22273.1,-33767.53
GBZKY22UBTX1,09:00,2Y-5Y,INCO,JP Morgan Chase,B,-15564.3,25513.71,9949.42
NLXAPRPN6QF2,09:00,5Y-10Y,CORPS,Morgan Stanley,B-,36566.48,10327.75,46894.23
NL8J3TRP0J41,09:00,20Y+,REIT,HSBC,AA,1754.87,-40944.74,-39189.87
JP5IQVNB4GH4,09:00,5Y-10Y,CORPS,Bank of America,BB,-19048.27,40572.39,21524.12
CAKV5USGIOT3,09:00,20Y+,CORPS,BNP,BB,-44181.44,-44385.3,-88566.74
CHXR2DHYLUR8,09:00,2Y-5Y,GOVT,HSBC,BB-,-46545.61,19978.24,-26567.37
CAP0LZJJEGE8,09:00,0Y-2Y,GOVT,BNP,AA,-26270.22,22977.66,-3292.55
DEG0JV1V93K5,09:00,0Y-2Y,GOVT,JP Morgan Chase,AA+,47727.32,22807.7,70535.02
DEKZEBBK7W11,09:00,5Y-10Y,REIT,Citi,B,-16666.2,-23085.45,-39751.65
USUQPGB7R3O1,09:00,2Y-5Y,REIT,Goldman Sachs,AA,-11071.35,15482.09,4410.75
SEWBFUK9E1V9,09:00,0Y-2Y,REIT,HSBC,BB-,-18165.42,40528.9,22363.48
FR1N6KVPUC81,09:00,0Y-2Y,FIN,UBS,A,-38380.59,36010.91,-2369.68
FRWJCITFOYQ0,09:00,20Y+,REIT,Bank of America,BBB+,-35874.88,-17438.08,-53312.96
FRKK4CIJ2V23,09:00,10Y-20Y,FIN,Deutsche Bank,BB,-33489.84,34157.56,667.72
AUEIFJFC2V34,09:00,20Y+,GOVT,Societe Generale,BB+,31061.96,-7275.68,23786.28
CHEYZ7SRCBP5,09:00,20Y+,FIN,HSBC,B-,804.69,-19885.52,-19080.83
SEJD84U89YJ0,09:00,0Y-2Y,FIN,Societe Generale,B,-168.63,-28967.2,-29135.83
DEQX6GVWRDM5,09:00,5Y-10Y,INCO,Bank of America,B,48319.6,18388.39,66707.98
CAY4LYK83TQ5,09:00,10Y-20Y,FIN,Morgan Stanley,BB-,-4125.7,32895.35,28769.66
JPL8OS9XTOG5,09:00,5Y-10Y,FIN,Citi,BBB+,6017.18,-5636.23,380.95
SE1W1HT7PZE9,09:00,2Y-5Y,FIN,Bank of America,B,21603.72,-32406.48,-10802.75
FRZLAOI4E8X2,09:00,2Y-5Y,INCO,Morgan Stanley,BB,-16454.15,23915.29,7461.15
CH7KZORQQFG9,09:00,5Y-10Y,INCO,UBS,A,-8864.11,1.62,-8862.49
NL0EC14M2JA4,09:00,0Y-2Y,GOVT,Societe Generale,B,11170.03,-18597.46,-7427.43
SEUX5QRL1N73,09:00,0Y-2Y,INCO,Citi,A+,7091.63,21387.94,28479.57
FRUI1B0Z3NX2,09:00,0Y-2Y,INCO,Societe Generale,BB+,-2635.1,-25197.09,-27832.19
CH8E8LD4D6A2,09:00,10Y-20Y,REIT,Morgan Stanley,B+,-5954.9,-40719.82,-46674.72
AU58C2JWOCL8,09:00,10Y-20Y,GOVT,Goldman Sachs,B,10904.14,-256.21,10647.94
AU8W5RTWIYK3,09:00,10Y-20Y,REIT,Bank of America,BB,1370.54,-35967.38,-34596.83
GBPDW5PY6B24,09:00,10Y-20Y,GOVT,JP Morgan Chase,BB+,39244.42,-4673.64,34570.78
CANFTU2GC5W3,09:00,10Y-20Y,REIT,HSBC,B+,2274.4,-42579.54,-40305.14
CH6FQJJA26Y2,09:00,5Y-10Y,CORPS,Societe Generale,A-,-17680.1,27580.27,9900.18
GBPMVXPJ4HN7,09:00,5Y-10Y,GOVT,Morgan Stanley,BB,-39712.54,24827.94,-14884.61
GBIUU9K9XJU0,09:00,20Y+,CORPS,Societe Generale,AA,-48904.49,14351.37,-34553.12
SE0361I2HGJ2,09:00,10Y-20Y,INCO,Bank of America,B,-22085.65,-25778.86,-47864.52
GB6XLPU0DK02,09:00,5Y-10Y,REIT,Goldman Sachs,BBB+,-20267.27,3498.67,-16768.59
FRET8T63J3R4,09:00,5Y-10Y,FIN,Goldman Sachs,BB,-34931.06,21236.18,-13694.88
CA2QC1IYYO48,09:00,2Y-5Y,FIN,BNP,BB,240.04,-16541.07,-16301.02
CADOJEN0JNW5,09:00,20Y+,INCO,Bank of America,BBB+,-34411.51,-32375.77,-66787.27
GBYQW7LVXWQ4,09:00,0Y-2Y,INCO,JP Morgan Chase,A+,-48703.47,3976.35,-44727.12
AUEBB9EITNN8,09:00,5Y-10Y,GOVT,BNP,BB,8579.91,-28162.63,-19582.72
AUV05X4W7KY3,09:00,20Y+,CORPS,Morgan Stanley,B,-24609.61,30275.6,5665.99
CHQIN9N6XCJ1,09:00,10Y-20Y,FIN,Deutsche Bank,B-,19716.41,34792.75,54509.16
CHDHX8BM92H8,09:00,20Y+,CORPS,UBS,AA,21568.59,9535.69,31104.27
FRV3I12VJ998,09:00,20Y+,GOVT,BNP,AA,-13058.56,29682.91,16624.35
JP2D5EM2VAJ2,09:00,0Y-2Y,CORPS,Bank of America,BB,-30463.13,-20174.04,-50637.17
AUS0R2SDS8B8,09:00,10Y-20Y,INCO,HSBC,BB-,-2768.65,2774.9,6.25
JPQ8CROYR6C1,09:00,0Y-2Y,FIN,Morgan Stanley,BBB+,4544.38,3654.16,8198.54
GBAJI0Y6DPB3,10:00,5Y-10Y,INCO,Deutsche Bank,A,9362.73,1153.61,10516.34
FRSAHXTHV3A2,10:00,2Y-5Y,CORPS,Citi,BB,-17955.48,-7370.73,-25326.21
AUMF8MDD4V37,10:00,20Y+,REIT,Deutsche Bank,A+,-38347.96,-26651.73,-64999.7
NLE7CKW5NGC3,10:00,20Y+,REIT,BNP,A-,31552.8,-28265.33,3287.47
JP945NQ4FMY1,10:00,0Y-2Y,GOVT,JP Morgan Chase,A,-4068.98,-50000,-54068.98
SEWTIQJ7YHL0,10:00,20Y+,GOVT,JP Morgan Chase,BBB+,36762.47,36464.48,73226.94
FR32OC6UZHR7,10:00,5Y-10Y,CORPS,Goldman Sachs,BB-,7102.86,-2418.87,4683.99
DEJIUJV6OH98,10:00,5Y-10Y,REIT,UBS,A,-40126.4,-47417.23,-87543.63
CHDBDW2PCN98,10:00,2Y-5Y,FIN,Goldman Sachs,AA,34252.28,38125.52,72377.81
JP84AZYTJXE6,10:00,2Y-5Y,REIT,UBS,B+,-5741.29,-5758.95,-11500.24
DEQ85JSG65K8,10:00,20Y+,CORPS,Goldman Sachs,B-,-50000,17846.09,-32153.91
SEHNF877VRE5,10:00,2Y-5Y,INCO,Goldman Sachs,AA,-40665.46,23990.71,-16674.75
JPIIUC039TE7,10:00,20Y+,GOVT,Goldman Sachs,BB-,29734.37,-43699.74,-13965.37
NLFSV871YZO5,10:00,0Y-2Y,INCO,UBS,B,-50000,-18501.38,-68501.38
CH6QICATVAZ0,10:00,20Y+,CORPS,Bank of America,BB-,12182.1,9209.2,21391.3
FRCBLSKRT059,10:00,0Y-2Y,GOVT,Societe Generale,B+,-4096.96,939.46,-3157.5
CHIRODXMO5B1,10:00,20Y+,FIN,Deutsche Bank,B+,36504.3,-41684.51,-5180.21
USOM5IGQPKI1,10:00,10Y-20Y,GOVT,JP Morgan Chase,BB+,33486.53,8179.75,41666.27
CH34DXTAD1I6,10:00,0Y-2Y,CORPS,BNP,BB,-6648.81,-28989.54,-35638.34
CHR56FAO72K8,10:00,0Y-2Y,INCO,HSBC,AA,45537.6,-50000,-4462.4
CHFK8UT0CVS8,10:00,5Y-10Y,REIT,Societe Generale,B-,36166.76,30795.32,66962.08
DECS4CC5O7U9,10:00,10Y-20Y,CORPS,UBS,B-,42618.22,31497.83,74116.05
SEBCXULJYLJ2,10:00,0Y-2Y,FIN,Citi,BB-,2759.28,-34664.79,-31905.51
JPQ77AWUDTS2,10:00,0Y-2Y,CORPS,UBS,BBB+,-39554.33,-30456.81,-70011.14
CA55NF4ZW9X0,10:00,10Y-20Y,REIT,BNP,AA+,17994.87,40648.61,58643.48
NLKX7EEDTJV5,10:00,10Y-20Y,FIN,BNP,B-,30491.11,38334.53,68825.64
FRY4SJ6BW3B5,10:00,0Y-2Y,FIN,Goldman Sachs,B,48724.26,-34583.91,14140.35
DEWJ0TPAC568,10:00,10Y-20Y,CORPS,HSBC,BB,-3806.83,16681.01,12874.18
US4UFEL62463,10:00,0Y-2Y,FIN,Deutsche Bank,A-,12601.07,19131.24,31732.3
FRYMU5907IF2,10:00,2Y-5Y,CORPS,JP Morgan Chase,A+,1202.36,-2538.98,-1336.62
AUA0L7253J21,10:00,2Y-5Y,CORPS,BNP,A,-15559.0,-18870.6,-34429.6
AU54I3QK2IA3,10:00,20Y+,GOVT,Societe Generale,B-,11116.85,-7220.33,3896.52
AUL58KXO9T71,10:00,20Y+,GOVT,UBS,BB-,4020.81,2721.3,6742.11
JPG8JDP0LVS6,10:00,5Y-10Y,REIT,Goldman Sachs,BB,32504.41,-24824.31,7680.1
SEGBPS3Y70H6,10:00,20Y+,GOVT,Citi,BB-,45012.15,-32744.62,12267.52
GB87WXE6SYL4,10:00,5Y-10Y,INCO,UBS,A,13676.62,-34176.27,-20499.65
NLEP7Y6WKTA4,10:00,0Y-2Y,REIT,UBS,AA,2925.97,-21402.52,-18476.55
FRPUXQPHR622,10:00,0Y-2Y,CORPS,JP Morgan Chase,AA+,-23622.32,2246.51,-21375.81
GBKXWD8IL3F0,10:00,0Y-2Y,CORPS,Morgan Stanley,A,1143.56,-37019.04,-35875.49
FR9W1Q5UZNO2,10:00,0Y-2Y,GOVT,JP Morgan Chase,AA,38887.52,-35207.97,3679.56
US6452H2ZQU1,10:00,10Y-20Y,INCO,UBS,BB,4773.06,-119.67,4653.39
CHEQTUL1P366,10:00,20Y+,GOVT,Deutsche Bank,B,-13727.61,-33013.31,-46740.92
NLQF5Q14J1R3,10:00,10Y-20Y,INCO,Citi,AA,20812.11,-42493.7,-21681.59
JPPZIM6CFNF3,10:00,20Y+,INCO,Bank of America,A,17603.28,14535.11,32138.39
GBOLQC3O18A9,10:00,5Y-10Y,INCO,UBS,B-,7158.06,-269.29,6888.77
AUR7KO64T023,10:00,20Y+,GOVT,Morgan Stanley,BB-,-7637.94,-43594.36,-51232.3
CHHPBMYOFQE9,10:00,10Y-20Y,INCO,HSBC,B-,-32145.3,23587.84,-8557.46
NLAOUAXEQBN3,10:00,20Y+,INCO,Goldman Sachs,A-,22049.15,36067.75,58116.89
CHL1N13JCAT5,10:00,0Y-2Y,FIN,JP Morgan Chase,BBB+,15006.25,-6764.61,8241.64
FRX2X18HAFE1,10:00,0Y-2Y,FIN,Societe Generale,B+,-44968.03,-21740.08,-66708.12
SE8QJNV8Z2F4,10:00,20Y+,REIT,Societe Generale,AA+,-13467.21,49252.74,35785.53
GBU7U6N7HV33,10:00,20Y+,CORPS,Societe Generale,AA,-15293.52,-19157.71,-34451.23
GBZKY22UBTX1,10:00,2Y-5Y,INCO,JP Morgan Chase,B,-14880.87,21898.24,7017.36
NLXAPRPN6QF2,10:00,5Y-10Y,CORPS,Morgan Stanley,B-,40144.0,8535.8,48679.8
NL8J3TRP0J41,10:00,20Y+,REIT,HSBC,AA,119.2,-42145.94,-42026.74
JP5IQVNB4GH4,10:00,5Y-10Y,CORPS,Bank of America,BB,-20277.19,44218.86,23941.67
CAKV5USGIOT3,10:00,20Y+,CORPS,BNP,BB,-48088.41,-49308.96,-97397.38
CHXR2DHYLUR8,10:00,2Y-5Y,GOVT,HSBC,BB-,-48867.79,16338.76,-32529.03
CAP0LZJJEGE8,10:00,0Y-2Y,GOVT,BNP,AA,-27389.75,21298.38,-6091.37
DEG0JV1V93K5,10:00,0Y-2Y,GOVT,JP Morgan Chase,AA+,50000,21475.42,71475.42
DEKZEBBK7W11,10:00,5Y-10Y,REIT,Citi,B,-18559.27,-22929.01,-41488.28
USUQPGB7R3O1,10:00,2Y-5Y,REIT,Goldman Sachs,AA,-7685.17,16623.69,8938.52
SEWBFUK9E1V9,10:00,0Y-2Y,REIT,HSBC,BB-,-19917.98,39009.39,19091.41
FR1N6KVPUC81,10:00,0Y-2Y,FIN,UBS,A,-42611.78,38291.91,-4319.86
FRWJCITFOYQ0,10:00,20Y+,REIT,Bank of America,BBB+,-37055.01,-17877.9,-54932.91
FRKK4CIJ2V23,10:00,10Y-20Y,FIN,Deutsche Bank,BB,-36764.35,35179.02,-1585.33
AUEIFJFC2V34,10:00,20Y+,GOVT,Societe Generale,BB+,34193.12,-7607.0,26586.12
CHEYZ7SRCBP5,10:00,20Y+,FIN,HSBC,B-,-3418.82,-16261.69,-19680.51
SEJD84U89YJ0,10:00,0Y-2Y,FIN,Societe Generale,B,-3813.1,-26357.69,-30170.79
DEQX6GVWRDM5,10:00,5Y-10Y,INCO,Bank of America,B,50000,23131.55,73131.55
CAY4LYK83TQ5,10:00,10Y-20Y,FIN,Morgan Stanley,BB-,-7933.07,36065.26,28132.19
JPL8OS9XTOG5,10:00,5Y-10Y,FIN,Citi,BBB+,8048.63,-4414.42,3634.21
SE1W1HT7PZE9,10:00,2Y-5Y,FIN,Bank of America,B,24140.42,-33950.45,-9810.03
FRZLAOI4E8X2,10:00,2Y-5Y,INCO,Morgan Stanley,BB,-16113.11,26280.68,10167.57
CH7KZORQQFG9,10:00,5Y-10Y,INCO,UBS,A,-8967.16,3664.35,-5302.81
NL0EC14M2JA4,10:00,0Y-2Y,GOVT,Societe Generale,B,8518.22,-22578.03,-14059.81
SEUX5QRL1N73,10:00,0Y-2Y,INCO,Citi,A+,4202.14,19050.33,23252.48
FRUI1B0Z3NX2,10:00,0Y-2Y,INCO,Societe Generale,BB+,-4398.9,-27035.67,-31434.57
CH8E8LD4D6A2,10:00,10Y-20Y,REIT,Morgan Stanley,B+,-3459.14,-39456.83,-42915.98
AU58C2JWOCL8,10:00,10Y-20Y,GOVT,Goldman Sachs,B,12440.14,4525.69,16965.83
AU8W5RTWIYK3,10:00,10Y-20Y,REIT,Bank of America,BB,642.45,-33482.51,-32840.07
GBPDW5PY6B24,10:00,10Y-20Y,GOVT,JP Morgan Chase,BB+,38281.63,-5100.76,33180.86
CANFTU2GC5W3,10:00,10Y-20Y,REIT,HSBC,B+,1980.05,-47178.01,-45197.96
CH6FQJJA26Y2,10:00,5Y-10Y,CORPS,Societe Generale,A-,-20196.65,27049.83,6853.19
GBPMVXPJ4HN7,10:00,5Y-10Y,GOVT,Morgan Stanley,BB,-36921.18,21921.29,-14999.88
GBIUU9K9XJU0,10:00,20Y+,CORPS,Societe Generale,AA,-48808.28,16762.63,-32045.65
SE0361I2HGJ2,10:00,10Y-20Y,INCO,Bank of America,B,-19837.52,-29058.42,-48895.94
GB6XLPU0DK02,10:00,5Y-10Y,REIT,Goldman Sachs,BBB+,-21719.25,4243.02,-17476.23
FRET8T63J3R4,10:00,5Y-10Y,FIN,Goldman Sachs,BB,-35385.18,22244.48,-13140.7
CA2QC1IYYO48,10:00,2Y-5Y,FIN,BNP,BB,-2075.58,-15358.8,-17434.38
CADOJEN0JNW5,10:00,20Y+,INCO,Bank of America,BBB+,-36301.98,-36660.81,-72962.79
GBYQW7LVXWQ4,10:00,0Y-2Y,INCO,JP Morgan Chase,A+,-50000,6467.2,-43532.8
AUEBB9EITNN8,10:00,5Y-10Y,GOVT,BNP,BB,4304.95,-26097.6,-21792.64
AUV05X4W7KY3,10:00,20Y+,CORPS,Morgan Stanley,B,-25275.26,30529.15,5253.89
CHQIN9N6XCJ1,10:00,10Y-20Y,FIN,Deutsche Bank,B-,18859.29,29805.11,48664.4
CHDHX8BM92H8,10:00,20Y+,CORPS,UBS,AA,17153.79,14501.13,31654.92
FRV3I12VJ998,10:00,20Y+,GOVT,BNP,AA,-18054.51,26768.79,8714.28
JP2D5EM2VAJ2,10:00,0Y-2Y,CORPS,Bank of America,BB,-27937.07,-22241.18,-50178.24
AUS0R2SDS8B8,10:00,10Y-20Y,INCO,HSBC,BB-,1447.62,4735.34,6182.96
JPQ8CROYR6C1,10:00,0Y-2Y,FIN,Morgan Stanley,BBB+,516.73,4141.27,4658.0
GBAJI0Y6DPB3,11:00,5Y-10Y,INCO,Deutsche Bank,A,12650.18,4089.62,16739.8
FRSAHXTHV3A2,11:00,2Y-5Y,CORPS,Citi,BB,-13400.74,-4917.35,-18318.09
AUMF8MDD4V37,11:00,20Y+,REIT,Deutsche Bank,A+,-40992.7,-24009.76,-65002.46
NLE7CKW5NGC3,11:00,20Y+,REIT,BNP,A-,36106.33,-28580.03,7526.3
JP945NQ4FMY1,11:00,0Y-2Y,GOVT,JP Morgan Chase,A,-2487.56,-45122.65,-47610.21
SEWTIQJ7YHL0,11:00,20Y+,GOVT,JP Morgan Chase,BBB+,32808.27,38140.39,70948.66
FR32OC6UZHR7,11:00,5Y-10Y,CORPS,Goldman Sachs,BB-,8323.05,-3492.45,4830.6
DEJIUJV6OH98,11:00,5Y-10Y,REIT,UBS,A,-36001.78,-50000,-86001.78
CHDBDW2PCN98,11:00,2Y-5Y,FIN,Goldman Sachs,AA,29526.03,37415.14,66941.17
JP84AZYTJXE6,11:00,2Y-5Y,REIT,UBS,B+,-8371.3,-4352.23,-12723.53
DEQ85JSG65K8,11:00,20Y+,CORPS,Goldman Sachs,B-,-45379.86,17993.28,-27386.58
SEHNF877VRE5,11:00,2Y-5Y,INCO,Goldman Sachs,AA,-44359.83,24498.81,-19861.02
JPIIUC039TE7,11:00,20Y+,GOVT,Goldman Sachs,BB-,31295.79,-43624.58,-12328.79
NLFSV871YZO5,11:00,0Y-2Y,INCO,UBS,B,-50000,-20436.61,-70436.61
CH6QICATVAZ0,11:00,20Y+,CORPS,Bank of America,BB-,7443.24,8855.43,16298.66
FRCBLSKRT059,11:00,0Y-2Y,GOVT,Societe Generale,B+,-6115.03,180.71,-5934.33
CHIRODXMO5B1,11:00,20Y+,FIN,Deutsche Bank,B+,40260.87,-46259.66,-5998.79
USOM5IGQPKI1,11:00,10Y-20Y,GOVT,JP Morgan Chase,BB+,37029.54,4917.46,41946.99
CH34DXTAD1I6,11:00,0Y-2Y,CORPS,BNP,BB,-5903.94,-30817.44,-36721.38
CHR56FAO72K8,11:00,0Y-2Y,INCO,HSBC,AA,42180.25,-50000,-7819.75
CHFK8UT0CVS8,11:00,5Y-10Y,REIT,Societe Generale,B-,35307.49,27878.69,63186.18
DECS4CC5O7U9,11:00,10Y-20Y,CORPS,UBS,B-,43677.94,36444.25,80122.18
SEBCXULJYLJ2,11:00,0Y-2Y,FIN,Citi,BB-,7081.02,-32268.16,-25187.14
JPQ77AWUDTS2,11:00,0Y-2Y,CORPS,UBS,BBB+,-35288.57,-33954.17,-69242.74
CA55NF4ZW9X0,11:00,10Y-20Y,REIT,BNP,AA+,19029.16,37488.65,56517.81
NLKX7EEDTJV5,11:00,10Y-20Y,FIN,BNP,B-,32164.49,36249.81,68414.3
FRY4SJ6BW3B5,11:00,0Y-2Y,FIN,Goldman Sachs,B,50000,-34924.49,15075.51
DEWJ0TPAC568,11:00,10Y-20Y,CORPS,HSBC,BB,-8010.95,16751.44,8740.49
US4UFEL62463,11:00,0Y-2Y,FIN,Deutsche Bank,A-,9967.29,21619.94,31587.24
FRYMU5907IF2,11:00,2Y-5Y,CORPS,JP Morgan Chase,A+,-1029.9,-4354.26,-5384.16
AUA0L7253J21,11:00,2Y-5Y,CORPS,BNP,A,-12108.15,-20130.78,-32238.92
AU54I3QK2IA3,11:00,20Y+,GOVT,Societe Generale,B-,7354.52,-12210.75,-4856.24
AUL58KXO9T71,11:00,20Y+,GOVT,UBS,BB-,77.27,-870.52,-793.25
JPG8JDP0LVS6,11:00,5Y-10Y,REIT,Goldman Sachs,BB,29569.07,-28733.35,835.72
SEGBPS3Y70H6,11:00,20Y+,GOVT,Citi,BB-,40074.55,-28715.91,11358.64
GB87WXE6SYL4,11:00,5Y-10Y,INCO,UBS,A,11190.53,-37388.2,-26197.67
NLEP7Y6WKTA4,11:00,0Y-2Y,REIT,UBS,AA,5110.54,-21927.94,-16817.4
FRPUXQPHR622,11:00,0Y-2Y,CORPS,JP Morgan Chase,AA+,-18855.05,3998.07,-14856.98
GBKXWD8IL3F0,11:00,0Y-2Y,CORPS,Morgan Stanley,A,-3237.78,-41347.82,-44585.6
FR9W1Q5UZNO2,11:00,0Y-2Y,GOVT,JP Morgan Chase,AA,37836.34,-31983.3,5853.03
US6452H2ZQU1,11:00,10Y-20Y,INCO,UBS,BB,4213.85,-4086.38,127.47
CHEQTUL1P366,11:00,20Y+,GOVT,Deutsche Bank,B,-16676.23,-36403.26,-53079.49
NLQF5Q14J1R3,11:00,10Y-20Y,INCO,Citi,AA,17901.76,-44416.78,-26515.02
JPPZIM6CFNF3,11:00,20Y+,INCO,Bank of America,A,15225.87,13040.46,28266.33
GBOLQC3O18A9,11:00,5Y-10Y,INCO,UBS,B-,6546.04,3134.37,9680.41
AUR7KO64T023,11:00,20Y+,GOVT,Morgan Stanley,BB-,-5610.5,-38913.51,-44524.01
CHHPBMYOFQE9,11:00,10Y-20Y,INCO,HSBC,B-,-29887.05,20819.46,-9067.59
NLAOUAXEQBN3,11:00,20Y+,INCO,Goldman Sachs,A-,19818.74,35548.49,55367.23
CHL1N13JCAT5,11:00,0Y-2Y,FIN,JP Morgan Chase,BBB+,15245.41,-2309.53,12935.88
FRX2X18HAFE1,11:00,0Y-2Y,FIN,Societe Generale,B+,-40210.48,-26362.88,-66573.36
SE8QJNV8Z2F4,11:00,20Y+,REIT,Societe Generale,AA+,-9317.86,46861.63,37543.77
GBU7U6N7HV33,11:00,20Y+,CORPS,Societe Generale,AA,-16868.1,-16739.26,-33607.36
GBZKY22UBTX1,11:00,2Y-5Y,INCO,JP Morgan Chase,B,-15325.83,20738.21,5412.38
NLXAPRPN6QF2,11:00,5Y-10Y,CORPS,Morgan Stanley,B-,41575.58,12002.36,53577.94
NL8J3TRP0J41,11:00,20Y+,REIT,HSBC,AA,3434.04,-45721.81,-42287.76
JP5IQVNB4GH4,11:00,5Y-10Y,CORPS,Bank of America,BB,-17569.44,49117.38,31547.94
CAKV5USGIOT3,11:00,20Y+,CORPS,BNP,BB,-45716.42,-45963.2,-91679.62
CHXR2DHYLUR8,11:00,2Y-5Y,GOVT,HSBC,BB-,-50000,11860.73,-38139.27
CAP0LZJJEGE8,11:00,0Y-2Y,GOVT,BNP,AA,-25515.62,21192.87,-4322.76
DEG0JV1V93K5,11:00,0Y-2Y,GOVT,JP Morgan Chase,AA+,47875.15,22451.29,70326.44
DEKZEBBK7W11,11:00,5Y-10Y,REIT,Citi,B,-15561.47,-21126.96,-36688.43
USUQPGB7R3O1,11:00,2Y-5Y,REIT,Goldman Sachs,AA,-5785.3,13568.45,7783.16
SEWBFUK9E1V9,11:00,0Y-2Y,REIT,HSBC,BB-,-17881.5,38421.85,20540.35
FR1N6KVPUC81,11:00,0Y-2Y,FIN,UBS,A,-40426.66,36212.15,-4214.51
FRWJCITFOYQ0,11:00,20Y+,REIT,Bank of America,BBB+,-35455.47,-17767.42,-53222.89
FRKK4CIJ2V23,11:00,10Y-20Y,FIN,Deutsche Bank,BB,-33804.58,30255.76,-3548.82
AUEIFJFC2V34,11:00,20Y+,GOVT,Societe Generale,BB+,33568.05,-6916.25,26651.8
CHEYZ7SRCBP5,11:00,20Y+,FIN,HSBC,B-,-358.17,-13604.85,-13963.02
SEJD84U89YJ0,11:00,0Y-2Y,FIN,Societe Generale,B,405.11,-23446.07,-23040.97
DEQX6GVWRDM5,11:00,5Y-10Y,INCO,Bank of America,B,49001.04,24117.58,73118.62
CAY4LYK83TQ5,11:00,10Y-20Y,FIN,Morgan Stanley,BB-,-8734.44,31444.06,22709.62
JPL8OS9XTOG5,11:00,5Y-10Y,FIN,Citi,BBB+,5380.84,-5825.05,-444.21
SE1W1HT7PZE9,11:00,2Y-5Y,FIN,Bank of America,B,26652.59,-32016.1,-5363.51
FRZLAOI4E8X2,11:00,2Y-5Y,INCO,Morgan Stanley,BB,-19391.62,22102.51,2710.9
CH7KZORQQFG9,11:00,5Y-10Y,INCO,UBS,A,-9749.18,303.99,-9445.2
NL0EC14M2JA4,11:00,0Y-2Y,GOVT,Societe Generale,B,7430.51,-21129.03,-13698.52
SEUX5QRL1N73,11:00,0Y-2Y,INCO,Citi,A+,1795.47,23583.31,25378.78
FRUI1B0Z3NX2,11:00,0Y-2Y,INCO,Societe Generale,BB+,-6401.05,-24781.97,-31183.02
CH8E8LD4D6A2,11:00,10Y-20Y,REIT,Morgan Stanley,B+,-7710.68,-35877.61,-43588.28
AU58C2JWOCL8,11:00,10Y-20Y,GOVT,Goldman Sachs,B,8557.7,3987.11,12544.81
AU8W5RTWIYK3,11:00,10Y-20Y,REIT,Bank of America,BB,-2153.62,-38381.04,-40534.66
GBPDW5PY6B24,11:00,10Y-20Y,GOVT,JP Morgan Chase,BB+,35310.23,-905.0,34405.23
CANFTU2GC5W3,11:00,10Y-20Y,REIT,HSBC,B+,6139.07,-45474.88,-39335.8
CH6FQJJA26Y2,11:00,5Y-10Y,CORPS,Societe Generale,A-,-23755.45,27868.22,4112.77
GBPMVXPJ4HN7,11:00,5Y-10Y,GOVT,Morgan Stanley,BB,-41112.3,16941.45,-24170.85
GBIUU9K9XJU0,11:00,20Y+,CORPS,Societe Generale,AA,-50000,20796.39,-29203.61
SE0361I2HGJ2,11:00,10Y-20Y,INCO,Bank of America,B,-19106.14,-32366.5,-51472.64
GB6XLPU0DK02,11:00,5Y-10Y,REIT,Goldman Sachs,BBB+,-20398.83,4702.31,-15696.53
FRET8T63J3R4,11:00,5Y-10Y,FIN,Goldman Sachs,BB,-34715.53,23833.39,-10882.14
CA2QC1IYYO48,11:00,2Y-5Y,FIN,BNP,BB,-4372.63,-17777.27,-22149.9
CADOJEN0JNW5,11:00,20Y+,INCO,Bank of America,BBB+,-41063.36,-32514.16,-73577.52
GBYQW7LVXWQ4,11:00,0Y-2Y,INCO,JP Morgan Chase,A+,-50000,5741.66,-44258.34
AUEBB9EITNN8,11:00,5Y-10Y,GOVT,BNP,BB,8197.09,-28474.72,-20277.63
AUV05X4W7KY3,11:00,20Y+,CORPS,Morgan Stanley,B,-23058.38,29513.83,6455.45
CHQIN9N6XCJ1,11:00,10Y-20Y,FIN,Deutsche Bank,B-,14162.33,28940.18,43102.5
CHDHX8BM92H8,11:00,20Y+,CORPS,UBS,AA,19956.87,16723.55,36680.42
FRV3I12VJ998,11:00,20Y+,GOVT,BNP,AA,-15500.42,26889.1,11388.68
JP2D5EM2VAJ2,11:00,0Y-2Y,CORPS,Bank of America,BB,-30414.11,-26045.56,-56459.67
AUS0R2SDS8B8,11:00,10Y-20Y,INCO,HSBC,BB-,196.39,9111.53,9307.92
JPQ8CROYR6C1,11:00,0Y-2Y,FIN,Morgan Stanley,BBB+,-3860.29,2555.72,-1304.56
GBAJI0Y6DPB3,12:00,5Y-10Y,INCO,Deutsche Bank,A,10423.94,8570.39,18994.33
FRSAHXTHV3A2,12:00,2Y-5Y,CORPS,Citi,BB,-15102.67,-5151.12,-20253.79
AUMF8MDD4V37,12:00,20Y+,REIT,Deutsche Bank,A+,-44825.57,-25674.75,-70500.32
NLE7CKW5NGC3,12:00,20Y+,REIT,BNP,A-,32462.19,-29906.69,2555.5
JP945NQ4FMY1,12:00,0Y-2Y,GOVT,JP Morgan Chase,A,-2652.81,-43314.19,-45967.0
SEWTIQJ7YHL0,12:00,20Y+,GOVT,JP Morgan Chase,BBB+,28066.47,38266.86,66333.33
FR32OC6UZHR7,12:00,5Y-10Y,CORPS,Goldman Sachs,BB-,7590.28,-7536.68,53.6
DEJIUJV6OH98,12:00,5Y-10Y,REIT,UBS,A,-31995.49,-46764.62,-78760.11
CHDBDW2PCN98,12:00,2Y-5Y,FIN,Goldman Sachs,AA,33307.29,35315.89,68623.18
JP84AZYTJXE6,12:00,2Y-5Y,REIT,UBS,B+,-7813.94,-7746.24,-15560.18
DEQ85JSG65K8,12:00,20Y+,CORPS,Goldman Sachs,B-,-40669.05,17001.87,-23667.18
SEHNF877VRE5,12:00,2Y-5Y,INCO,Goldman Sachs,AA,-45827.38,28446.79,-17380.59
JPIIUC039TE7,12:00,20Y+,GOVT,Goldman Sachs,BB-,33190.89,-46679.13,-13488.23
NLFSV871YZO5,12:00,0Y-2Y,INCO,UBS,B,-50000,-21609.93,-71609.93
CH6QICATVAZ0,12:00,20Y+,CORPS,Bank of America,BB-,3355.06,8371.92,11726.98
FRCBLSKRT059,12:00,0Y-2Y,GOVT,Societe Generale,B+,-7284.91,-1137.89,-8422.8
CHIRODXMO5B1,12:00,20Y+,FIN,Deutsche Bank,B+,43951.12,-49643.15,-5692.03
USOM5IGQPKI1,12:00,10Y-20Y,GOVT,JP Morgan Chase,BB+,36744.37,3222.71,39967.07
CH34DXTAD1I6,12:00,0Y-2Y,CORPS,BNP,BB,-4921.9,-35587.41,-40509.32
CHR56FAO72K8,12:00,0Y-2Y,INCO,HSBC,AA,43119.26,-50000,-6880.74
CHFK8UT0CVS8,12:00,5Y-10Y,REIT,Societe Generale,B-,31302.54,30396.77,61699.3
DECS4CC5O7U9,12:00,10Y-20Y,CORPS,UBS,B-,48121.51,34690.17,82811.68
SEBCXULJYLJ2,12:00,0Y-2Y,FIN,Citi,BB-,9748.16,-33013.26,-23265.1
JPQ77AWUDTS2,12:00,0Y-2Y,CORPS,UBS,BBB+,-33756.14,-35994.07,-69750.21
CA55NF4ZW9X0,12:00,10Y-20Y,REIT,BNP,AA+,22341.18,36488.44,58829.62
NLKX7EEDTJV5,12:00,10Y-20Y,FIN,BNP,B-,34710.82,31959.8,66670.62
FRY4SJ6BW3B5,12:00,0Y-2Y,FIN,Goldman Sachs,B,45307.33,-32165.26,13142.07
DEWJ0TPAC568,12:00,10Y-20Y,CORPS,HSBC,BB,-11714.25,18252.64,6538.39
US4UFEL62463,12:00,0Y-2Y,FIN,Deutsche Bank,A-,13881.69,19325.23,33206.92
FRYMU5907IF2,12:00,2Y-5Y,CORPS,JP Morgan Chase,A+,3911.26,-1121.28,2789.98
AUA0L7253J21,12:00,2Y-5Y,CORPS,BNP,A,-7174.32,-23923.57,-31097.89
AU54I3QK2IA3,12:00,20Y+,GOVT,Societe Generale,B-,3846.2,-11630.75,-7784.55
AUL58KXO9T71,12:00,20Y+,GOVT,UBS,BB-,2366.4,-11.71,2354.7
JPG8JDP0LVS6,12:00,5Y-10Y,REIT,Goldman Sachs,BB,28394.6,-25902.23,2492.37
SEGBPS3Y70H6,12:00,20Y+,GOVT,Citi,BB-,38277.84,-30935.77,7342.07
GB87WXE6SYL4,12:00,5Y-10Y,INCO,UBS,A,12474.24,-38874.34,-26400.11
NLEP7Y6WKTA4,12:00,0Y-2Y,REIT,UBS,AA,4100.04,-25199.76,-21099.72
FRPUXQPHR622,12:00,0Y-2Y,CORPS,JP Morgan Chase,AA+,-21577.06,-276.87,-21853.93
GBKXWD8IL3F0,12:00,0Y-2Y,CORPS,Morgan Stanley,A,-5617.72,-41132.97,-46750.69
FR9W1Q5UZNO2,12:00,0Y-2Y,GOVT,JP Morgan Chase,AA,36717.02,-35790.07,926.96
US6452H2ZQU1,12:00,10Y-20Y,INCO,UBS,BB,4120.72,-1094.92,3025.8
CHEQTUL1P366,12:00,20Y+,GOVT,Deutsche Bank,B,-11685.34,-32869.06,-44554.4
NLQF5Q14J1R3,12:00,10Y-20Y,INCO,Citi,AA,18763.69,-44091.31,-25327.62
JPPZIM6CFNF3,12:00,20Y+,INCO,Bank of America,A,14145.41,15287.53,29432.94
GBOLQC3O18A9,12:00,5Y-10Y,INCO,UBS,B-,10842.77,204.4,11047.17
AUR7KO64T023,12:00,20Y+,GOVT,Morgan Stanley,BB-,-2426.05,-41821.27,-44247.32
CHHPBMYOFQE9,12:00,10Y-20Y,INCO,HSBC,B-,-32539.84,17830.69,-14709.15
NLAOUAXEQBN3,12:00,20Y+,INCO,Goldman Sachs,A-,19893.22,38068.98,57962.2
CHL1N13JCAT5,12:00,0Y-2Y,FIN,JP Morgan Chase,BBB+,13203.51,-2633.15,10570.35
FRX2X18HAFE1,12:00,0Y-2Y,FIN,Societe Generale,B+,-43068.0,-24077.29,-67145.29
SE8QJNV8Z2F4,12:00,20Y+,REIT,Societe Generale,AA+,-11919.39,47966.14,36046.75
GBU7U6N7HV33,12:00,20Y+,CORPS,Societe Generale,AA,-16797.81,-13892.89,-30690.7
GBZKY22UBTX1,12:00,2Y-5Y,INCO,JP Morgan Chase,B,-18608.42,15769.02,-2839.4
NLXAPRPN6QF2,12:00,5Y-10Y,CORPS,Morgan Stanley,B-,45727.42,7227.73,52955.15
NL8J3TRP0J41,12:00,20Y+,REIT,HSBC,AA,-420.76,-46035.04,-46455.79
JP5IQVNB4GH4,12:00,5Y-10Y,CORPS,Bank of America,BB,-16395.19,44431.06,28035.87
CAKV5USGIOT3,12:00,20Y+,CORPS,BNP,BB,-44521.91,-48280.93,-92802.84
CHXR2DHYLUR8,12:00,2Y-5Y,GOVT,HSBC,BB-,-50000,14430.35,-35569.65
CAP0LZJJEGE8,12:00,0Y-2Y,GOVT,BNP,AA,-21472.38,17723.4,-3748.98
DEG0JV1V93K5,12:00,0Y-2Y,GOVT,JP Morgan Chase,AA+,48105.91,25674.23,73780.14
DEKZEBBK7W11,12:00,5Y-10Y,REIT,Citi,B,-19692.9,-17258.56,-36951.46
USUQPGB7R3O1,12:00,2Y-5Y,REIT,Goldman Sachs,AA,-8553.19,13459.72,4906.52
SEWBFUK9E1V9,12:00,0Y-2Y,REIT,HSBC,BB-,-22483.3,38841.0,16357.69
FR1N6KVPUC81,12:00,0Y-2Y,FIN,UBS,A,-39705.4,35421.27,-4284.13
FRWJCITFOYQ0,12:00,20Y+,REIT,Bank of America,BBB+,-37810.81,-20867.07,-58677.88
FRKK4CIJ2V23,12:00,10Y-20Y,FIN,Deutsche Bank,BB,-35369.19,32363.74,-3005.45
AUEIFJFC2V34,12:00,20Y+,GOVT,Societe Generale,BB+,31683.78,-6667.22,25016.57
CHEYZ7SRCBP5,12:00,20Y+,FIN,HSBC,B-,-4610.58,-11857.93,-16468.51
SEJD84U89YJ0,12:00,0Y-2Y,FIN,Societe Generale,B,-4593.17,-28106.53,-32699.69
DEQX6GVWRDM5,12:00,5Y-10Y,INCO,Bank of America,B,48888.27,23940.05,72828.32
CAY4LYK83TQ5,12:00,10Y-20Y,FIN,Morgan Stanley,BB-,-8874.95,32825.55,23950.6
JPL8OS9XTOG5,12:00,5Y-10Y,FIN,Citi,BBB+,8351.86,-8388.46,-36.6
SE1W1HT7PZE9,12:00,2Y-5Y,FIN,Bank of America,B,25662.26,-32985.39,-7323.13
FRZLAOI4E8X2,12:00,2Y-5Y,INCO,Morgan Stanley,BB,-23208.39,17798.65,-5409.74
CH7KZORQQFG9,12:00,5Y-10Y,INCO,UBS,A,-7651.81,-1.86,-7653.68
NL0EC14M2JA4,12:00,0Y-2Y,GOVT,Societe Generale,B,10506.51,-25141.85,-14635.34
SEUX5QRL1N73,12:00,0Y-2Y,INCO,Citi,A+,4615.5,26233.89,30849.39
FRUI1B0Z3NX2,12:00,0Y-2Y,INCO,Societe Generale,BB+,-11387.0,-23304.81,-34691.8
CH8E8LD4D6A2,12:00,10Y-20Y,REIT,Morgan Stanley,B+,-6594.14,-37699.03,-44293.17
AU58C2JWOCL8,12:00,10Y-20Y,GOVT,Goldman Sachs,B,8331.54,3901.46,12233.01
AU8W5RTWIYK3,12:00,10Y-20Y,REIT,Bank of America,BB,-6010.47,-38451.8,-44462.27
GBPDW5PY6B24,12:00,10Y-20Y,GOVT,JP Morgan Chase,BB+,32111.61,-4789.17,27322.44
CANFTU2GC5W3,12:00,10Y-20Y,REIT,HSBC,B+,6202.64,-43661.44,-37458.8
CH6FQJJA26Y2,12:00,5Y-10Y,CORPS,Societe Generale,A-,-19877.0,28448.46,8571.46
GBPMVXPJ4HN7,12:00,5Y-10Y,GOVT,Morgan Stanley,BB,-37030.51,13529.37,-23501.15
GBIUU9K9XJU0,12:00,20Y+,CORPS,Societe Generale,AA,-50000,23308.15,-26691.85
SE0361I2HGJ2,12:00,10Y-20Y,INCO,Bank of America,B,-15895.65,-32240.48,-48136.12
GB6XLPU0DK02,12:00,5Y-10Y,REIT,Goldman Sachs,BBB+,-19309.07,3148.9,-16160.17
FRET8T63J3R4,12:00,5Y-10Y,FIN,Goldman Sachs,BB,-32263.58,21558.05,-10705.54
CA2QC1IYYO48,12:00,2Y-5Y,FIN,BNP,BB,-2665.3,-16563.71,-19229.02
CADOJEN0JNW5,12:00,20Y+,INCO,Bank of America,BBB+,-42063.94,-34325.31,-76389.25
GBYQW7LVXWQ4,12:00,0Y-2Y,INCO,JP Morgan Chase,A+,-50000,3580.08,-46419.92
AUEBB9EITNN8,12:00,5Y-10Y,GOVT,BNP,BB,5558.91,-23804.12,-18245.21
AUV05X4W7KY3,12:00,20Y+,CORPS,Morgan Stanley,B,-27902.35,26412.96,-1489.39
CHQIN9N6XCJ1,12:00,10Y-20Y,FIN,Deutsche Bank,B-,17671.11,28038.79,45709.9
CHDHX8BM92H8,12:00,20Y+,CORPS,UBS,AA,20318.3,21399.47,41717.77
FRV3I12VJ998,12:00,20Y+,GOVT,BNP,AA,-17136.17,28233.29,11097.12
JP2D5EM2VAJ2,12:00,0Y-2Y,CORPS,Bank of America,BB,-32479.49,-21200.27,-53679.77
AUS0R2SDS8B8,12:00,10Y-20Y,INCO,HSBC,BB-,-831.65,4125.48,3293.83
JPQ8CROYR6C1,12:00,0Y-2Y,FIN,Morgan Stanley,BBB+,-2499.6,-2331.17,-4830.77
GBAJI0Y6DPB3,13:00,5Y-10Y,INCO,Deutsche Bank,A,5949.53,9024.4,14973.94
FRSAHXTHV3A2,13:00,2Y-5Y,CORPS,Citi,BB,-12712.24,-7860.54,-20572.79
AUMF8MDD4V37,13:00,20Y+,REIT,Deutsche Bank,A+,-43879.69,-25706.9,-69586.58
NLE7CKW5NGC3,13:00,20Y+,REIT,BNP,A-,37079.1,-33073.47,4005.62
JP945NQ4FMY1,13:00,0Y-2Y,GOVT,JP Morgan Chase,A,-552.14,-41602.93,-42155.07
SEWTIQJ7YHL0,13:00,20Y+,GOVT,JP Morgan Chase,BBB+,23340.95,36347.12,59688.07
FR32OC6UZHR7,13:00,5Y-10Y,CORPS,Goldman Sachs,BB-,4124.97,-3788.41,336.56
DEJIUJV6OH98,13:00,5Y-10Y,REIT,UBS,A,-32901.97,-47194.58,-80096.56
CHDBDW2PCN98,13:00,2Y-5Y,FIN,Goldman Sachs,AA,28594.54,37220.35,65814.89
JP84AZYTJXE6,13:00,2Y-5Y,REIT,UBS,B+,-10616.27,-8832.63,-19448.9
DEQ85JSG65K8,13:00,20Y+,CORPS,Goldman Sachs,B-,-37235.1,17173.91,-20061.19
SEHNF877VRE5,13:00,2Y-5Y,INCO,Goldman Sachs,AA,-50000,27633.09,-22366.91
JPIIUC039TE7,13:00,20Y+,GOVT,Goldman Sachs,BB-,35920.97,-47789.25,-11868.28
NLFSV871YZO5,13:00,0Y-2Y,INCO,UBS,B,-50000,-20486.74,-70486.74
CH6QICATVAZ0,13:00,20Y+,CORPS,Bank of America,BB-,4075.37,5775.55,9850.92
FRCBLSKRT059,13:00,0Y-2Y,GOVT,Societe Generale,B+,-10500.04,693.65,-9806.39
CHIRODXMO5B1,13:00,20Y+,FIN,Deutsche Bank,B+,42776.73,-50000,-7223.27
USOM5IGQPKI1,13:00,10Y-20Y,GOVT,JP Morgan Chase,BB+,34544.22,-448.95,34095.27
CH34DXTAD1I6,13:00,0Y-2Y,CORPS,BNP,BB,-2150.0,-37714.01,-39864.01
CHR56FAO72K8,13:00,0Y-2Y,INCO,HSBC,AA,44528.52,-46602.77,-2074.25
CHFK8UT0CVS8,13:00,5Y-10Y,REIT,Societe Generale,B-,30583.01,25774.73,56357.73
DECS4CC5O7U9,13:00,10Y-20Y,CORPS,UBS,B-,43351.56,35612.42,78963.98
SEBCXULJYLJ2,13:00,0Y-2Y,FIN,Citi,BB-,11026.89,-28955.6,-17928.71
JPQ77AWUDTS2,13:00,0Y-2Y,CORPS,UBS,BBB+,-35613.51,-34783.98,-70397.49
CA55NF4ZW9X0,13:00,10Y-20Y,REIT,BNP,AA+,26066.83,37889.47,63956.29
NLKX7EEDTJV5,13:00,10Y-20Y,FIN,BNP,B-,38075.42,29920.32,67995.74
FRY4SJ6BW3B5,13:00,0Y-2Y,FIN,Goldman Sachs,B,48783.25,-32444.61,16338.64
DEWJ0TPAC568,13:00,10Y-20Y,CORPS,HSBC,BB,-16493.28,22709.44,6216.17
US4UFEL62463,13:00,0Y-2Y,FIN,Deutsche Bank,A-,11710.97,22775.11,34486.08
FRYMU5907IF2,13:00,2Y-5Y,CORPS,JP Morgan Chase,A+,5137.63,-2596.25,2541.38
AUA0L7253J21,13:00,2Y-5Y,CORPS,BNP,A,-6678.04,-27678.68,-34356.72
AU54I3QK2IA3,13:00,20Y+,GOVT,Societe Generale,B-,7124.31,-9778.13,-2653.82
AUL58KXO9T71,13:00,20Y+,GOVT,UBS,BB-,2355.92,-4730.93,-2375.01
JPG8JDP0LVS6,13:00,5Y-10Y,REIT,Goldman Sachs,BB,30430.79,-23778.38,6652.41
SEGBPS3Y70H6,13:00,20Y+,GOVT,Citi,BB-,42133.13,-34876.41,7256.73
GB87WXE6SYL4,13:00,5Y-10Y,INCO,UBS,A,15072.35,-38220.59,-23148.23
NLEP7Y6WKTA4,13:00,0Y-2Y,REIT,UBS,AA,4364.79,-24602.05,-20237.26
FRPUXQPHR622,13:00,0Y-2Y,CORPS,JP Morgan Chase,AA+,-22101.41,1043.35,-21058.06
GBKXWD8IL3F0,13:00,0Y-2Y,CORPS,Morgan Stanley,A,-4271.33,-39399.64,-43670.97
FR9W1Q5UZNO2,13:00,0Y-2Y,GOVT,JP Morgan Chase,AA,34642.74,-39695.16,-5052.42
US6452H2ZQU1,13:00,10Y-20Y,INCO,UBS,BB,6864.23,-5113.51,1750.72
CHEQTUL1P366,13:00,20Y+,GOVT,Deutsche Bank,B,-11782.92,-31079.09,-42862.01
NLQF5Q14J1R3,13:00,10Y-20Y,INCO,Citi,AA,17474.95,-43216.37,-25741.42
JPPZIM6CFNF3,13:00,20Y+,INCO,Bank of America,A,13939.44,13306.7,27246.14
GBOLQC3O18A9,13:00,5Y-10Y,INCO,UBS,B-,13122.57,-555.51,12567.06
AUR7KO64T023,13:00,20Y+,GOVT,Morgan Stanley,BB-,-6824.11,-39662.42,-46486.52
CHHPBMYOFQE9,13:00,10Y-20Y,INCO,HSBC,B-,-30264.07,18607.69,-11656.38
NLAOUAXEQBN3,13:00,20Y+,INCO,Goldman Sachs,A-,21681.54,34648.77,56330.31
CHL1N13JCAT5,13:00,0Y-2Y,FIN,JP Morgan Chase,BBB+,13862.38,-2678.04,11184.34
FRX2X18HAFE1,13:00,0Y-2Y,FIN,Societe Generale,B+,-45173.72,-19182.37,-64356.1
SE8QJNV8Z2F4,13:00,20Y+,REIT,Societe Generale,AA+,-8254.79,47639.27,39384.49
GBU7U6N7HV33,13:00,20Y+,CORPS,Societe Generale,AA,-16246.54,-16824.39,-33070.93
GBZKY22UBTX1,13:00,2Y-5Y,INCO,JP Morgan Chase,B,-19521.76,11640.46,-7881.3
NLXAPRPN6QF2,13:00,5Y-10Y,CORPS,Morgan Stanley,B-,44745.35,3292.03,48037.38
NL8J3TRP0J41,13:00,20Y+,REIT,HSBC,AA,3008.65,-47245.39,-44236.73
JP5IQVNB4GH4,13:00,5Y-10Y,CORPS,Bank of America,BB,-15031.51,42413.98,27382.47
CAKV5USGIOT3,13:00,20Y+,CORPS,BNP,BB,-40992.88,-46269.05,-87261.93
CHXR2DHYLUR8,13:00,2Y-5Y,GOVT,HSBC,BB-,-48777.71,12744.62,-36033.09
CAP0LZJJEGE8,13:00,0Y-2Y,GOVT,BNP,AA,-18989.51,16146.14,-2843.36
DEG0JV1V93K5,13:00,0Y-2Y,GOVT,JP Morgan Chase,AA+,43633.31,26555.6,70188.91
DEKZEBBK7W11,13:00,5Y-10Y,REIT,Citi,B,-21262.87,-16182.62,-37445.49
USUQPGB7R3O1,13:00,2Y-5Y,REIT,Goldman Sachs,AA,-13479.81,10223.8,-3256.01
SEWBFUK9E1V9,13:00,0Y-2Y,REIT,HSBC,BB-,-21257.89,41670.11,20412.22
FR1N6KVPUC81,13:00,0Y-2Y,FIN,UBS,A,-43797.92,33097.82,-10700.11
FRWJCITFOYQ0,13:00,20Y+,REIT,Bank of America,BBB+,-34963.84,-17123.66,-52087.5
FRKK4CIJ2V23,13:00,10Y-20Y,FIN,Deutsche Bank,BB,-40129.56,33716.38,-6413.19
AUEIFJFC2V34,13:00,20Y+,GOVT,Societe Generale,BB+,35936.53,-10612.92,25323.61
CHEYZ7SRCBP5,13:00,20Y+,FIN,HSBC,B-,-3918.44,-13638.0,-17556.44
SEJD84U89YJ0,13:00,0Y-2Y,FIN,Societe Generale,B,-2697.71,-25241.65,-27939.36
DEQX6GVWRDM5,13:00,5Y-10Y,INCO,Bank of America,B,45322.4,28375.41,73697.81
CAY4LYK83TQ5,13:00,10Y-20Y,FIN,Morgan Stanley,BB-,-13665.72,30690.85,17025.13
JPL8OS9XTOG5,13:00,5Y-10Y,FIN,Citi,BBB+,12391.13,-10337.04,2054.09
SE1W1HT7PZE9,13:00,2Y-5Y,FIN,Bank of America,B,25708.52,-29697.63,-3989.11
FRZLAOI4E8X2,13:00,2Y-5Y,INCO,Morgan Stanley,BB,-24261.94,19669.46,-4592.48
CH7KZORQQFG9,13:00,5Y-10Y,INCO,UBS,A,-9326.38,4116.96,-5209.41
NL0EC14M2JA4,13:00,0Y-2Y,GOVT,Societe Generale,B,8485.42,-20639.8,-12154.38
SEUX5QRL1N73,13:00,0Y-2Y,INCO,Citi,A+,3978.73,23832.54,27811.27
FRUI1B0Z3NX2,13:00,0Y-2Y,INCO,Societe Generale,BB+,-15230.53,-25252.85,-40483.38
CH8E8LD4D6A2,13:00,10Y-20Y,REIT,Morgan Stanley,B+,-4231.61,-39581.7,-43813.31
AU58C2JWOCL8,13:00,10Y-20Y,GOVT,Goldman Sachs,B,7091.23,1335.32,8426.55
AU8W5RTWIYK3,13:00,10Y-20Y,REIT,Bank of America,BB,-8991.31,-41047.33,-50038.64
GBPDW5PY6B24,13:00,10Y-20Y,GOVT,JP Morgan Chase,BB+,28204.9,-5770.03,22434.87
CANFTU2GC5W3,13:00,10Y-20Y,REIT,HSBC,B+,2977.89,-40067.39,-37089.5
CH6FQJJA26Y2,13:00,5Y-10Y,CORPS,Societe Generale,A-,-21158.16,30527.93,9369.77
GBPMVXPJ4HN7,13:00,5Y-10Y,GOVT,Morgan Stanley,BB,-35920.49,11782.07,-24138.41
GBIUU9K9XJU0,13:00,20Y+,CORPS,Societe Generale,AA,-50000,27270.51,-22729.49
SE0361I2HGJ2,13:00,10Y-20Y,INCO,Bank of America,B,-14451.39,-30637.16,-45088.54
GB6XLPU0DK02,13:00,5Y-10Y,REIT,Goldman Sachs,BBB+,-18686.71,-389.55,-19076.25
FRET8T63J3R4,13:00,5Y-10Y,FIN,Goldman Sachs,BB,-36405.91,25055.68,-11350.23
CA2QC1IYYO48,13:00,2Y-5Y,FIN,BNP,BB,-2825.47,-12822.8,-15648.27
CADOJEN0JNW5,13:00,20Y+,INCO,Bank of America,BBB+,-42883.36,-36106.6,-78989.96
GBYQW7LVXWQ4,13:00,0Y-2Y,INCO,JP Morgan Chase,A+,-50000,7131.23,-42868.77
AUEBB9EITNN8,13:00,5Y-10Y,GOVT,BNP,BB,6570.62,-24796.04,-18225.42
AUV05X4W7KY3,13:00,20Y+,CORPS,Morgan Stanley,B,-27136.61,24997.95,-2138.66
CHQIN9N6XCJ1,13:00,10Y-20Y,FIN,Deutsche Bank,B-,20172.66,23862.3,44034.96
CHDHX8BM92H8,13:00,20Y+,CORPS,UBS,AA,23454.65,21166.14,44620.79
FRV3I12VJ998,13:00,20Y+,GOVT,BNP,AA,-14941.91,24907.44,9965.54
JP2D5EM2VAJ2,13:00,0Y-2Y,CORPS,Bank of America,BB,-29806.18,-16921.74,-46727.92
AUS0R2SDS8B8,13:00,10Y-20Y,INCO,HSBC,BB-,996.56,4576.88,5573.44
JPQ8CROYR6C1,13:00,0Y-2Y,FIN,Morgan Stanley,BBB+,-6686.22,718.58,-5967.64
GBAJI0Y6DPB3,14:00,5Y-10Y,INCO,Deutsche Bank,A,1814.46,5909.89,7724.35
FRSAHXTHV3A2,14:00,2Y-5Y,CORPS,Citi,BB,-9718.3,-12419.6,-22137.9
AUMF8MDD4V37,14:00,20Y+,REIT,Deutsche Bank,A+,-39391.37,-25869.72,-65261.09
NLE7CKW5NGC3,14:00,20Y+,REIT,BNP,A-,39700.5,-28712.19,10988.31
JP945NQ4FMY1,14:00,0Y-2Y,GOVT,JP Morgan Chase,A,2390.01,-46301.02,-43911.01
SEWTIQJ7YHL0,14:00,20Y+,GOVT,JP Morgan Chase,BBB+,19438.15,34097.76,53535.91
FR32OC6UZHR7,14:00,5Y-10Y,CORPS,Goldman Sachs,BB-,7128.66,-5207.67,1920.99
DEJIUJV6OH98,14:00,5Y-10Y,REIT,UBS,A,-33860.42,-48592.74,-82453.16
CHDBDW2PCN98,14:00,2Y-5Y,FIN,Goldman Sachs,AA,26386.77,33076.55,59463.31
JP84AZYTJXE6,14:00,2Y-5Y,REIT,UBS,B+,-6149.22,-13492.88,-19642.1
DEQ85JSG65K8,14:00,20Y+,CORPS,Goldman Sachs,B-,-42007.1,21375.74,-20631.36
SEHNF877VRE5,14:00,2Y-5Y,INCO,Goldman Sachs,AA,-50000,30725.59,-19274.41
JPIIUC039TE7,14:00,20Y+,GOVT,Goldman Sachs,BB-,37340.31,-43464.36,-6124.05
NLFSV871YZO5,14:00,0Y-2Y,INCO,UBS,B,-50000,-24380.58,-74380.58
CH6QICATVAZ0,14:00,20Y+,CORPS,Bank of America,BB-,5826.09,5873.79,11699.88
FRCBLSKRT059,14:00,0Y-2Y,GOVT,Societe Generale,B+,-7159.17,1367.52,-5791.65
CHIRODXMO5B1,14:00,20Y+,FIN,Deutsche Bank,B+,44293.33,-48677.33,-4384.0
USOM5IGQPKI1,14:00,10Y-20Y,GOVT,JP Morgan Chase,BB+,33924.52,-515.46,33409.07
CH34DXTAD1I6,14:00,0Y-2Y,CORPS,BNP,BB,-3185.05,-36769.78,-39954.83
CHR56FAO72K8,14:00,0Y-2Y,INCO,HSBC,AA,39582.33,-41809.01,-2226.68
CHFK8UT0CVS8,14:00,5Y-10Y,REIT,Societe Generale,B-,27949.38,21245.05,49194.43
DECS4CC5O7U9,14:00,10Y-20Y,CORPS,UBS,B-,45875.23,31325.31,77200.54
SEBCXULJYLJ2,14:00,0Y-2Y,FIN,Citi,BB-,10499.88,-30073.04,-19573.16
JPQ77AWUDTS2,14:00,0Y-2Y,CORPS,UBS,BBB+,-30704.06,-39495.39,-70199.46
CA55NF4ZW9X0,14:00,10Y-20Y,REIT,BNP,AA+,30774.42,34583.03,65357.45
NLKX7EEDTJV5,14:00,10Y-20Y,FIN,BNP,B-,42887.83,34440.6,77328.43
FRY4SJ6BW3B5,14:00,0Y-2Y,FIN,Goldman Sachs,B,50000,-36989.3,13010.7
DEWJ0TPAC568,14:00,10Y-20Y,CORPS,HSBC,BB,-14980.3,19507.97,4527.67
US4UFEL62463,14:00,0Y-2Y,FIN,Deutsche Bank,A-,11260.73,21787.52,33048.25
FRYMU5907IF2,14:00,2Y-5Y,CORPS,JP Morgan Chase,A+,1535.76,-1640.51,-104.75
AUA0L7253J21,14:00,2Y-5Y,CORPS,BNP,A,-4664.34,-31040.31,-35704.64
AU54I3QK2IA3,14:00,20Y+,GOVT,Societe Generale,B-,5725.22,-12024.17,-6298.95
AUL58KXO9T71,14:00,20Y+,GOVT,UBS,BB-,5609.17,-2630.27,2978.9
JPG8JDP0LVS6,14:00,5Y-10Y,REIT,Goldman Sachs,BB,30472.95,-23783.8,6689.15
SEGBPS3Y70H6,14:00,20Y+,GOVT,Citi,BB-,38937.34,-39263.0,-325.65
GB87WXE6SYL4,14:00,5Y-10Y,INCO,UBS,A,15955.38,-41766.07,-25810.69
NLEP7Y6WKTA4,14:00,0Y-2Y,REIT,UBS,AA,-169.22,-28778.01,-28947.23
FRPUXQPHR622,14:00,0Y-2Y,CORPS,JP Morgan Chase,AA+,-18821.51,-2996.13,-21817.64
GBKXWD8IL3F0,14:00,0Y-2Y,CORPS,Morgan Stanley,A,-7393.2,-41449.83,-48843.03
FR9W1Q5UZNO2,14:00,0Y-2Y,GOVT,JP Morgan Chase,AA,32816.54,-42196.53,-9379.99
US6452H2ZQU1,14:00,10Y-20Y,INCO,UBS,BB,5785.14,-7237.53,-1452.39
CHEQTUL1P366,14:00,20Y+,GOVT,Deutsche Bank,B,-7196.84,-29039.9,-36236.75
NLQF5Q14J1R3,14:00,10Y-20Y,INCO,Citi,AA,20535.85,-39257.18,-18721.33
JPPZIM6CFNF3,14:00,20Y+,INCO,Bank of America,A,10833.08,8825.64,19658.72
GBOLQC3O18A9,14:00,5Y-10Y,INCO,UBS,B-,17881.57,-5079.15,12802.42
AUR7KO64T023,14:00,20Y+,GOVT,Morgan Stanley,BB-,-6542.81,-39928.53,-46471.34
CHHPBMYOFQE9,14:00,10Y-20Y,INCO,HSBC,B-,-27940.1,19434.82,-8505.28
NLAOUAXEQBN3,14:00,20Y+,INCO,Goldman Sachs,A-,19788.82,36134.98,55923.8
CHL1N13JCAT5,14:00,0Y-2Y,FIN,JP Morgan Chase,BBB+,13585.4,-6190.14,7395.27
FRX2X18HAFE1,14:00,0Y-2Y,FIN,Societe Generale,B+,-49253.44,-20561.98,-69815.42
SE8QJNV8Z2F4,14:00,20Y+,REIT,Societe Generale,AA+,-10800.82,46972.71,36171.89
GBU7U6N7HV33,14:00,20Y+,CORPS,Societe Generale,AA,-13578.69,-12181.24,-25759.93
GBZKY22UBTX1,14:00,2Y-5Y,INCO,JP Morgan Chase,B,-17070.33,11420.96,-5649.37
NLXAPRPN6QF2,14:00,5Y-10Y,CORPS,Morgan Stanley,B-,44351.13,3712.67,48063.8
NL8J3TRP0J41,14:00,20Y+,REIT,HSBC,AA,3824.41,-48685.6,-44861.2
JP5IQVNB4GH4,14:00,5Y-10Y,CORPS,Bank of America,BB,-16617.06,38689.69,22072.63
CAKV5USGIOT3,14:00,20Y+,CORPS,BNP,BB,-36829.34,-42279.08,-79108.42
CHXR2DHYLUR8,14:00,2Y-5Y,GOVT,HSBC,BB-,-48644.7,12469.5,-36175.2
CAP0LZJJEGE8,14:00,0Y-2Y,GOVT,BNP,AA,-23894.34,20183.46,-3710.88
DEG0JV1V93K5,14:00,0Y-2Y,GOVT,JP Morgan Chase,AA+,43809.28,26647.08,70456.37
DEKZEBBK7W11,14:00,5Y-10Y,REIT,Citi,B,-22523.37,-19179.34,-41702.71
USUQPGB7R3O1,14:00,2Y-5Y,REIT,Goldman Sachs,AA,-16187.88,14067.31,-2120.57
SEWBFUK9E1V9,14:00,0Y-2Y,REIT,HSBC,BB-,-19312.92,41225.44,21912.52
FR1N6KVPUC81,14:00,0Y-2Y,FIN,UBS,A,-44271.0,32752.75,-11518.25
FRWJCITFOYQ0,14:00,20Y+,REIT,Bank of America,BBB+,-35573.77,-15852.71,-51426.48
FRKK4CIJ2V23,14:00,10Y-20Y,FIN,Deutsche Bank,BB,-39282.32,35035.06,-4247.26
AUEIFJFC2V34,14:00,20Y+,GOVT,Societe Generale,BB+,31869.56,-10281.75,21587.81
CHEYZ7SRCBP5,14:00,20Y+,FIN,HSBC,B-,-6239.96,-15098.7,-21338.66
SEJD84U89YJ0,14:00,0Y-2Y,FIN,Societe Generale,B,-6334.99,-28019.59,-34354.59
DEQX6GVWRDM5,14:00,5Y-10Y,INCO,Bank of America,B,44413.6,32149.79,76563.38
CAY4LYK83TQ5,14:00,10Y-20Y,FIN,Morgan Stanley,BB-,-11275.36,35236.42,23961.07
JPL8OS9XTOG5,14:00,5Y-10Y,FIN,Citi,BBB+,16367.56,-13691.56,2675.99
SE1W1HT7PZE9,14:00,2Y-5Y,FIN,Bank of America,B,25276.37,-26737.91,-1461.54
FRZLAOI4E8X2,14:00,2Y-5Y,INCO,Morgan Stanley,BB,-20457.62,15785.63,-4671.99
CH7KZORQQFG9,14:00,5Y-10Y,INCO,UBS,A,-5375.85,5647.97,272.12
NL0EC14M2JA4,14:00,0Y-2Y,GOVT,Societe Generale,B,9140.2,-25223.24,-16083.04
SEUX5QRL1N73,14:00,0Y-2Y,INCO,Citi,A+,7723.16,27933.94,35657.1
FRUI1B0Z3NX2,14:00,0Y-2Y,INCO,Societe Generale,BB+,-13937.5,-29631.63,-43569.13
CH8E8LD4D6A2,14:00,10Y-20Y,REIT,Morgan Stanley,B+,-1664.31,-42915.47,-44579.78
AU58C2JWOCL8,14:00,10Y-20Y,GOVT,Goldman Sachs,B,7740.23,1168.78,8909.01
AU8W5RTWIYK3,14:00,10Y-20Y,REIT,Bank of America,BB,-4674.19,-45321.14,-49995.33
GBPDW5PY6B24,14:00,10Y-20Y,GOVT,JP Morgan Chase,BB+,30975.92,-6175.62,24800.3
CANFTU2GC5W3,14:00,10Y-20Y,REIT,HSBC,B+,1203.76,-39096.92,-37893.16
CH6FQJJA26Y2,14:00,5Y-10Y,CORPS,Societe Generale,A-,-16865.59,30428.39,13562.81
GBPMVXPJ4HN7,14:00,5Y-10Y,GOVT,Morgan Stanley,BB,-33561.93,6955.44,-26606.48
GBIUU9K9XJU0,14:00,20Y+,CORPS,Societe Generale,AA,-50000,30688.09,-19311.91
SE0361I2HGJ2,14:00,10Y-20Y,INCO,Bank of America,B,-15534.15,-31999.26,-47533.41
GB6XLPU0DK02,14:00,5Y-10Y,REIT,Goldman Sachs,BBB+,-18156.55,1534.38,-16622.17
FRET8T63J3R4,14:00,5Y-10Y,FIN,Goldman Sachs,BB,-38372.66,29965.48,-8407.18
CA2QC1IYYO48,14:00,2Y-5Y,FIN,BNP,BB,-338.31,-17110.22,-17448.53
CADOJEN0JNW5,14:00,20Y+,INCO,Bank of America,BBB+,-43558.4,-34926.82,-78485.23
GBYQW7LVXWQ4,14:00,0Y-2Y,INCO,JP Morgan Chase,A+,-50000,6327.54,-43672.46
AUEBB9EITNN8,14:00,5Y-10Y,GOVT,BNP,BB,2683.49,-22013.12,-19329.63
AUV05X4W7KY3,14:00,20Y+,CORPS,Morgan Stanley,B,-28717.92,28309.94,-407.98
CHQIN9N6XCJ1,14:00,10Y-20Y,FIN,Deutsche Bank,B-,17151.19,19315.81,36467.0
CHDHX8BM92H8,14:00,20Y+,CORPS,UBS,AA,19324.79,23458.68,42783.47
FRV3I12VJ998,14:00,20Y+,GOVT,BNP,AA,-15905.31,28557.94,12652.63
JP2D5EM2VAJ2,14:00,0Y-2Y,CORPS,Bank of America,BB,-33395.56,-15280.01,-48675.57
AUS0R2SDS8B8,14:00,10Y-20Y,INCO,HSBC,BB-,2329.69,2000.36,4330.05
JPQ8CROYR6C1,14:00,0Y-2Y,FIN,Morgan Stanley,BBB+,-10084.48,3345.99,-6738.49
GBAJI0Y6DPB3,15:00,5Y-10Y,INCO,Deutsche Bank,A,3198.48,7964.11,11162.59
FRSAHXTHV3A2,15:00,2Y-5Y,CORPS,Citi,BB,-5041.14,-11849.99,-16891.13
AUMF8MDD4V37,15:00,20Y+,REIT,Deutsche Bank,A+,-40299.85,-28996.13,-69295.97
NLE7CKW5NGC3,15:00,20Y+,REIT,BNP,A-,43853.21,-26157.12,17696.09
JP945NQ4FMY1,15:00,0Y-2Y,GOVT,JP Morgan Chase,A,4422.68,-46944.12,-42521.44
SEWTIQJ7YHL0,15:00,20Y+,GOVT,JP Morgan Chase,BBB+,15727.55,35917.21,51644.77
FR32OC6UZHR7,15:00,5Y-10Y,CORPS,Goldman Sachs,BB-,11283.47,-4492.48,6790.99
DEJIUJV6OH98,15:00,5Y-10Y,REIT,UBS,A,-31822.38,-46806.65,-78629.03
CHDBDW2PCN98,15:00,2Y-5Y,FIN,Goldman Sachs,AA,23414.51,36904.13,60318.64
JP84AZYTJXE6,15:00,2Y-5Y,REIT,UBS,B+,-1512.28,-8994.95,-10507.23
DEQ85JSG65K8,15:00,20Y+,CORPS,Goldman Sachs,B-,-40134.34,22149.61,-17984.73
SEHNF877VRE5,15:00,2Y-5Y,INCO,Goldman Sachs,AA,-50000,33630.65,-16369.35
JPIIUC039TE7,15:00,20Y+,GOVT,Goldman Sachs,BB-,38914.41,-40909.97,-1995.56
NLFSV871YZO5,15:00,0Y-2Y,INCO,UBS,B,-50000,-28242.49,-78242.49
CH6QICATVAZ0,15:00,20Y+,CORPS,Bank of America,BB-,3996.4,6132.52,10128.92
FRCBLSKRT059,15:00,0Y-2Y,GOVT,Societe Generale,B+,-9840.03,4059.36,-5780.68
CHIRODXMO5B1,15:00,20Y+,FIN,Deutsche Bank,B+,40994.33,-50000,-9005.67
USOM5IGQPKI1,15:00,10Y-20Y,GOVT,JP Morgan Chase,BB+,34213.09,1260.16,35473.24
CH34DXTAD1I6,15:00,0Y-2Y,CORPS,BNP,BB,1120.53,-36140.31,-35019.78
CHR56FAO72K8,15:00,0Y-2Y,INCO,HSBC,AA,37947.7,-41011.37,-3063.67
CHFK8UT0CVS8,15:00,5Y-10Y,REIT,Societe Generale,B-,25756.04,17855.6,43611.64
DECS4CC5O7U9,15:00,10Y-20Y,CORPS,UBS,B-,49776.21,27160.4,76936.62
SEBCXULJYLJ2,15:00,0Y-2Y,FIN,Citi,BB-,8327.04,-30535.22,-22208.18
JPQ77AWUDTS2,15:00,0Y-2Y,CORPS,UBS,BBB+,-32701.6,-35406.36,-68107.96
CA55NF4ZW9X0,15:00,10Y-20Y,REIT,BNP,AA+,28267.69,35634.86,63902.55
NLKX7EEDTJV5,15:00,10Y-20Y,FIN,BNP,B-,40487.43,37642.05,78129.49
FRY4SJ6BW3B5,15:00,0Y-2Y,FIN,Goldman Sachs,B,50000,-37204.93,12795.07
DEWJ0TPAC568,15:00,10Y-20Y,CORPS,HSBC,BB,-14690.94,17163.19,2472.25
US4UFEL62463,15:00,0Y-2Y,FIN,Deutsche Bank,A-,12011.62,24191.44,36203.06
FRYMU5907IF2,15:00,2Y-5Y,CORPS,JP Morgan Chase,A+,891.62,1451.29,2342.91
AUA0L7253J21,15:00,2Y-5Y,CORPS,BNP,A,-5958.2,-27273.35,-33231.54
AU54I3QK2IA3,15:00,20Y+,GOVT,Societe Generale,B-,9841.38,-16686.31,-6844.93
AUL58KXO9T71,15:00,20Y+,GOVT,UBS,BB-,724.1,-3958.22,-3234.12
JPG8JDP0LVS6,15:00,5Y-10Y,REIT,Goldman Sachs,BB,28440.51,-24597.05,3843.47
SEGBPS3Y70H6,15:00,20Y+,GOVT,Citi,BB-,40124.08,-41641.82,-1517.73
GB87WXE6SYL4,15:00,5Y-10Y,INCO,UBS,A,16511.56,-42891.21,-26379.64
NLEP7Y6WKTA4,15:00,0Y-2Y,REIT,UBS,AA,-2601.6,-29561.68,-32163.27
FRPUXQPHR622,15:00,0Y-2Y,CORPS,JP Morgan Chase,AA+,-15270.47,-5976.87,-21247.34
GBKXWD8IL3F0,15:00,0Y-2Y,CORPS,Morgan Stanley,A,-4027.9,-37935.27,-41963.17
FR9W1Q5UZNO2,15:00,0Y-2Y,GOVT,JP Morgan Chase,AA,31307.58,-45987.14,-14679.56
US6452H2ZQU1,15:00,10Y-20Y,INCO,UBS,BB,6577.35,-3702.47,2874.88
CHEQTUL1P366,15:00,20Y+,GOVT,Deutsche Bank,B,-6052.1,-28360.17,-34412.27
NLQF5Q14J1R3,15:00,10Y-20Y,INCO,Citi,AA,25391.13,-41659.21,-16268.07
JPPZIM6CFNF3,15:00,20Y+,INCO,Bank of America,A,11779.97,6176.68,17956.65
GBOLQC3O18A9,15:00,5Y-10Y,INCO,UBS,B-,15951.06,-4427.61,11523.46
AUR7KO64T023,15:00,20Y+,GOVT,Morgan Stanley,BB-,-3158.07,-43337.64,-46495.71
CHHPBMYOFQE9,15:00,10Y-20Y,INCO,HSBC,B-,-30010.8,21239.11,-8771.69
NLAOUAXEQBN3,15:00,20Y+,INCO,Goldman Sachs,A-,18173.93,38870.75,57044.68
CHL1N13JCAT5,15:00,0Y-2Y,FIN,JP Morgan Chase,BBB+,16654.0,-5898.9,10755.1
FRX2X18HAFE1,15:00,0Y-2Y,FIN,Societe Generale,B+,-50000,-19765.12,-69765.12
SE8QJNV8Z2F4,15:00,20Y+,REIT,Societe Generale,AA+,-9119.96,49601.79,40481.83
GBU7U6N7HV33,15:00,20Y+,CORPS,Societe Generale,AA,-16940.58,-11550.26,-28490.84
GBZKY22UBTX1,15:00,2Y-5Y,INCO,JP Morgan Chase,B,-13762.46,12114.02,-1648.43
NLXAPRPN6QF2,15:00,5Y-10Y,CORPS,Morgan Stanley,B-,42155.59,4391.01,46546.6
NL8J3TRP0J41,15:00,20Y+,REIT,HSBC,AA,1347.52,-49569.77,-48222.26
JP5IQVNB4GH4,15:00,5Y-10Y,CORPS,Bank of America,BB,-12117.53,39251.91,27134.38
CAKV5USGIOT3,15:00,20Y+,CORPS,BNP,BB,-36366.76,-45691.52,-82058.28
CHXR2DHYLUR8,15:00,2Y-5Y,GOVT,HSBC,BB-,-48770.16,16602.4,-32167.76
CAP0LZJJEGE8,15:00,0Y-2Y,GOVT,BNP,AA,-27461.86,20918.52,-6543.34
DEG0JV1V93K5,15:00,0Y-2Y,GOVT,JP Morgan Chase,AA+,39706.76,23772.27,63479.03
DEKZEBBK7W11,15:00,5Y-10Y,REIT,Citi,B,-21069.7,-22404.35,-43474.05
USUQPGB7R3O1,15:00,2Y-5Y,REIT,Goldman Sachs,AA,-20092.28,10969.59,-9122.69
SEWBFUK9E1V9,15:00,0Y-2Y,REIT,HSBC,BB-,-24027.07,38079.41,14052.34
FR1N6KVPUC81,15:00,0Y-2Y,FIN,UBS,A,-45961.48,36557.79,-9403.69
FRWJCITFOYQ0,15:00,20Y+,REIT,Bank of America,BBB+,-32113.54,-18167.84,-50281.39
FRKK4CIJ2V23,15:00,10Y-20Y,FIN,Deutsche Bank,BB,-37652.77,30207.48,-7445.29
AUEIFJFC2V34,15:00,20Y+,GOVT,Societe Generale,BB+,29293.99,-6791.27,22502.73
CHEYZ7SRCBP5,15:00,20Y+,FIN,HSBC,B-,-1427.84,-19579.81,-21007.66
SEJD84U89YJ0,15:00,0Y-2Y,FIN,Societe Generale,B,-5326.75,-31096.1,-36422.85
DEQX6GVWRDM5,15:00,5Y-10Y,INCO,Bank of America,B,48160.74,31093.04,79253.78
CAY4LYK83TQ5,15:00,10Y-20Y,FIN,Morgan Stanley,BB-,-14544.5,35928.78,21384.28
JPL8OS9XTOG5,15:00,5Y-10Y,FIN,Citi,BBB+,13216.78,-12860.39,356.39
SE1W1HT7PZE9,15:00,2Y-5Y,FIN,Bank of America,B,27297.33,-27013.92,283.41
FRZLAOI4E8X2,15:00,2Y-5Y,INCO,Morgan Stanley,BB,-24395.38,16638.29,-7757.09
CH7KZORQQFG9,15:00,5Y-10Y,INCO,UBS,A,-9150.81,1769.19,-7381.62
NL0EC14M2JA4,15:00,0Y-2Y,GOVT,Societe Generale,B,6919.82,-25658.65,-18738.84
SEUX5QRL1N73,15:00,0Y-2Y,INCO,Citi,A+,6362.03,31430.74,37792.77
FRUI1B0Z3NX2,15:00,0Y-2Y,INCO,Societe Generale,BB+,-17656.16,-33152.97,-50809.13
CH8E8LD4D6A2,15:00,10Y-20Y,REIT,Morgan Stanley,B+,-1677.31,-44068.97,-45746.27
AU58C2JWOCL8,15:00,10Y-20Y,GOVT,Goldman Sachs,B,12434.78,-3367.61,9067.16
AU8W5RTWIYK3,15:00,10Y-20Y,REIT,Bank of America,BB,-6635.98,-47235.91,-53871.88
GBPDW5PY6B24,15:00,10Y-20Y,GOVT,JP Morgan Chase,BB+,34412.53,-6465.05,27947.47
CANFTU2GC5W3,15:00,10Y-20Y,REIT,HSBC,B+,1791.22,-37127.01,-35335.79
CH6FQJJA26Y2,15:00,5Y-10Y,CORPS,Societe Generale,A-,-18527.38,28025.56,9498.18
GBPMVXPJ4HN7,15:00,5Y-10Y,GOVT,Morgan Stanley,BB,-30732.29,5677.85,-25054.44
GBIUU9K9XJU0,15:00,20Y+,CORPS,Societe Generale,AA,-50000,29896.88,-20103.12
SE0361I2HGJ2,15:00,10Y-20Y,INCO,Bank of America,B,-13803.39,-27040.98,-40844.37
GB6XLPU0DK02,15:00,5Y-10Y,REIT,Goldman Sachs,BBB+,-14406.31,-936.62,-15342.93
FRET8T63J3R4,15:00,5Y-10Y,FIN,Goldman Sachs,BB,-37683.0,33709.76,-3973.24
CA2QC1IYYO48,15:00,2Y-5Y,FIN,BNP,BB,-617.41,-15655.24,-16272.65
CADOJEN0JNW5,15:00,20Y+,INCO,Bank of America,BBB+,-41869.61,-39068.28,-80937.89
GBYQW7LVXWQ4,15:00,0Y-2Y,INCO,JP Morgan Chase,A+,-48797.37,2647.98,-46149.39
AUEBB9EITNN8,15:00,5Y-10Y,GOVT,BNP,BB,6736.83,-24158.1,-17421.27
AUV05X4W7KY3,15:00,20Y+,CORPS,Morgan Stanley,B,-27031.45,33225.73,6194.28
CHQIN9N6XCJ1,15:00,10Y-20Y,FIN,Deutsche Bank,B-,14020.04,22893.77,36913.81
CHDHX8BM92H8,15:00,20Y+,CORPS,UBS,AA,17020.69,20955.73,37976.42
FRV3I12VJ998,15:00,20Y+,GOVT,BNP,AA,-19695.47,24672.43,4976.96
JP2D5EM2VAJ2,15:00,0Y-2Y,CORPS,Bank of America,BB,-29179.52,-12878.95,-42058.47
AUS0R2SDS8B8,15:00,10Y-20Y,INCO,HSBC,BB-,7281.43,5908.72,13190.15
JPQ8CROYR6C1,15:00,0Y-2Y,FIN,Morgan Stanley,BBB+,-13969.43,6500.39,-7469.04
GBAJI0Y6DPB3,16:00,5Y-10Y,INCO,Deutsche Bank,A,2991.09,5415.57,8406.66
FRSAHXTHV3A2,16:00,2Y-5Y,CORPS,Citi,BB,-2306.53,-10845.17,-13151.7
AUMF8MDD4V37,16:00,20Y+,REIT,Deutsche Bank,A+,-37136.06,-33497.3,-70633.35
NLE7CKW5NGC3,16:00,20Y+,REIT,BNP,A-,48087.04,-30010.49,18076.55
JP945NQ4FMY1,16:00,0Y-2Y,GOVT,JP Morgan Chase,A,3285.97,-43914.58,-40628.61
SEWTIQJ7YHL0,16:00,20Y+,GOVT,JP Morgan Chase,BBB+,15998.76,38656.55,54655.31
FR32OC6UZHR7,16:00,5Y-10Y,CORPS,Goldman Sachs,BB-,13770.33,-7960.07,5810.25
DEJIUJV6OH98,16:00,5Y-10Y,REIT,UBS,A,-26887.59,-50000,-76887.59
CHDBDW2PCN98,16:00,2Y-5Y,FIN,Goldman Sachs,AA,27420.77,36878.96,64299.72
JP84AZYTJXE6,16:00,2Y-5Y,REIT,UBS,B+,-2482.55,-7747.62,-10230.17
DEQ85JSG65K8,16:00,20Y+,CORPS,Goldman Sachs,B-,-40768.3,17234.0,-23534.3
SEHNF877VRE5,16:00,2Y-5Y,INCO,Goldman Sachs,AA,-49486.19,36927.91,-12558.29
JPIIUC039TE7,16:00,20Y+,GOVT,Goldman Sachs,BB-,38807.18,-41187.61,-2380.43
NLFSV871YZO5,16:00,0Y-2Y,INCO,UBS,B,-50000,-23833.28,-73833.28
CH6QICATVAZ0,16:00,20Y+,CORPS,Bank of America,BB-,-668.46,6606.2,5937.74
FRCBLSKRT059,16:00,0Y-2Y,GOVT,Societe Generale,B+,-14495.86,5951.04,-8544.82
CHIRODXMO5B1,16:00,20Y+,FIN,Deutsche Bank,B+,40887.51,-45878.75,-4991.24
USOM5IGQPKI1,16:00,10Y-20Y,GOVT,JP Morgan Chase,BB+,37976.17,1615.4,39591.57
CH34DXTAD1I6,16:00,0Y-2Y,CORPS,BNP,BB,1360.33,-40264.02,-38903.69
CHR56FAO72K8,16:00,0Y-2Y,INCO,HSBC,AA,42211.72,-39741.03,2470.7
CHFK8UT0CVS8,16:00,5Y-10Y,REIT,Societe Generale,B-,24925.99,13653.63,38579.62
DECS4CC5O7U9,16:00,10Y-20Y,CORPS,UBS,B-,50000,30007.34,80007.34
SEBCXULJYLJ2,16:00,0Y-2Y,FIN,Citi,BB-,9188.56,-33269.82,-24081.26
JPQ77AWUDTS2,16:00,0Y-2Y,CORPS,UBS,BBB+,-35854.97,-35837.78,-71692.75
CA55NF4ZW9X0,16:00,10Y-20Y,REIT,BNP,AA+,25679.16,36247.73,61926.89
NLKX7EEDTJV5,16:00,10Y-20Y,FIN,BNP,B-,39522.32,42198.39,81720.71
FRY4SJ6BW3B5,16:00,0Y-2Y,FIN,Goldman Sachs,B,46690.56,-39196.27,7494.29
DEWJ0TPAC568,16:00,10Y-20Y,CORPS,HSBC,BB,-15265.15,20450.46,5185.31
US4UFEL62463,16:00,0Y-2Y,FIN,Deutsche Bank,A-,7103.61,29030.52,36134.12
FRYMU5907IF2,16:00,2Y-5Y,CORPS,JP Morgan Chase,A+,-4078.4,2257.0,-1821.4
AUA0L7253J21,16:00,2Y-5Y,CORPS,BNP,A,-8425.27,-28252.46,-36677.73
AU54I3QK2IA3,16:00,20Y+,GOVT,Societe Generale,B-,14416.18,-13822.64,593.54
AUL58KXO9T71,16:00,20Y+,GOVT,UBS,BB-,1695.08,-5844.81,-4149.73
JPG8JDP0LVS6,16:00,5Y-10Y,REIT,Goldman Sachs,BB,26236.63,-23671.29,2565.35
SEGBPS3Y70H6,16:00,20Y+,GOVT,Citi,BB-,37074.26,-36647.64,426.62
GB87WXE6SYL4,16:00,5Y-10Y,INCO,UBS,A,17599.64,-38167.6,-20567.95
NLEP7Y6WKTA4,16:00,0Y-2Y,REIT,UBS,AA,1164.8,-24807.58,-23642.78
FRPUXQPHR622,16:00,0Y-2Y,CORPS,JP Morgan Chase,AA+,-14612.31,-1131.02,-15743.33
GBKXWD8IL3F0,16:00,0Y-2Y,CORPS,Morgan Stanley,A,-3888.62,-34335.67,-38224.29
FR9W1Q5UZNO2,16:00,0Y-2Y,GOVT,JP Morgan Chase,AA,35857.21,-50000,-14142.79
US6452H2ZQU1,16:00,10Y-20Y,INCO,UBS,BB,7856.76,-6956.44,900.32
CHEQTUL1P366,16:00,20Y+,GOVT,Deutsche Bank,B,-7530.71,-28940.25,-36470.97
NLQF5Q14J1R3,16:00,10Y-20Y,INCO,Citi,AA,29109.71,-43947.01,-14837.3
JPPZIM6CFNF3,16:00,20Y+,INCO,Bank of America,A,10934.59,2950.42,13885.01
GBOLQC3O18A9,16:00,5Y-10Y,INCO,UBS,B-,19997.34,-7268.3,12729.04
AUR7KO64T023,16:00,20Y+,GOVT,Morgan Stanley,BB-,-3678.56,-46872.15,-50550.71
CHHPBMYOFQE9,16:00,10Y-20Y,INCO,HSBC,B-,-27550.77,17884.02,-9666.75
NLAOUAXEQBN3,16:00,20Y+,INCO,Goldman Sachs,A-,17985.14,36897.94,54883.09
CHL1N13JCAT5,16:00,0Y-2Y,FIN,JP Morgan Chase,BBB+,21030.46,-8679.07,12351.38
FRX2X18HAFE1,16:00,0Y-2Y,FIN,Societe Generale,B+,-50000,-23782.19,-73782.19
SE8QJNV8Z2F4,16:00,20Y+,REIT,Societe Generale,AA+,-6754.84,47346.19,40591.35
GBU7U6N7HV33,16:00,20Y+,CORPS,Societe Generale,AA,-15759.17,-9622.85,-25382.02
GBZKY22UBTX1,16:00,2Y-5Y,INCO,JP Morgan Chase,B,-14409.48,13412.83,-996.65
NLXAPRPN6QF2,16:00,5Y-10Y,CORPS,Morgan Stanley,B-,45333.21,5227.99,50561.2
NL8J3TRP0J41,16:00,20Y+,REIT,HSBC,AA,585.92,-50000,-49414.08
JP5IQVNB4GH4,16:00,5Y-10Y,CORPS,Bank of America,BB,-9152.01,39854.02,30702.02
CAKV5USGIOT3,16:00,20Y+,CORPS,BNP,BB,-34262.47,-48913.85,-83176.31
CHXR2DHYLUR8,16:00,2Y-5Y,GOVT,HSBC,BB-,-49243.29,16544.85,-32698.44
CAP0LZJJEGE8,16:00,0Y-2Y,GOVT,BNP,AA,-25185.34,19690.5,-5494.84
DEG0JV1V93K5,16:00,0Y-2Y,GOVT,JP Morgan Chase,AA+,41794.56,23469.38,65263.94
DEKZEBBK7W11,16:00,5Y-10Y,REIT,Citi,B,-20387.21,-19764.49,-40151.7
USUQPGB7R3O1,16:00,2Y-5Y,REIT,Goldman Sachs,AA,-24816.93,12088.99,-12727.93
SEWBFUK9E1V9,16:00,0Y-2Y,REIT,HSBC,BB-,-26975.74,37816.09,10840.36
FR1N6KVPUC81,16:00,0Y-2Y,FIN,UBS,A,-45667.59,38554.75,-7112.84
FRWJCITFOYQ0,16:00,20Y+,REIT,Bank of America,BBB+,-31581.85,-21996.88,-53578.73
FRKK4CIJ2V23,16:00,10Y-20Y,FIN,Deutsche Bank,BB,-35511.4,25264.87,-10246.52
AUEIFJFC2V34,16:00,20Y+,GOVT,Societe Generale,BB+,28280.14,-10512.69,17767.44
CHEYZ7SRCBP5,16:00,20Y+,FIN,HSBC,B-,1820.41,-18248.31,-16427.9
SEJD84U89YJ0,16:00,0Y-2Y,FIN,Societe Generale,B,-5470.63,-28439.9,-33910.52
DEQX6GVWRDM5,16:00,5Y-10Y,INCO,Bank of America,B,43780.6,26472.44,70253.04
CAY4LYK83TQ5,16:00,10Y-20Y,FIN,Morgan Stanley,BB-,-15764.32,35088.64,19324.33
JPL8OS9XTOG5,16:00,5Y-10Y,FIN,Citi,BBB+,14055.06,-15982.61,-1927.55
SE1W1HT7PZE9,16:00,2Y-5Y,FIN,Bank of America,B,25749.65,-30157.49,-4407.85
FRZLAOI4E8X2,16:00,2Y-5Y,INCO,Morgan Stanley,BB,-23987.46,18126.06,-5861.4
CH7KZORQQFG9,16:00,5Y-10Y,INCO,UBS,A,-7633.26,6194.29,-1438.98
NL0EC14M2JA4,16:00,0Y-2Y,GOVT,Societe Generale,B,3241.64,-28845.36,-25603.71
SEUX5QRL1N73,16:00,0Y-2Y,INCO,Citi,A+,2845.14,32761.18,35606.32
FRUI1B0Z3NX2,16:00,0Y-2Y,INCO,Societe Generale,BB+,-12865.1,-34190.03,-47055.13
CH8E8LD4D6A2,16:00,10Y-20Y,REIT,Morgan Stanley,B+,3067.89,-41425.04,-38357.15
AU58C2JWOCL8,16:00,10Y-20Y,GOVT,Goldman Sachs,B,11380.75,1227.06,12607.81
AU8W5RTWIYK3,16:00,10Y-20Y,REIT,Bank of America,BB,-4427.17,-46632.0,-51059.17
GBPDW5PY6B24,16:00,10Y-20Y,GOVT,JP Morgan Chase,BB+,36407.49,-8012.61,28394.88
CANFTU2GC5W3,16:00,10Y-20Y,REIT,HSBC,B+,4644.36,-36123.17,-31478.81
CH6FQJJA26Y2,16:00,5Y-10Y,CORPS,Societe Generale,A-,-16361.03,28727.6,12366.57
GBPMVXPJ4HN7,16:00,5Y-10Y,GOVT,Morgan Stanley,BB,-27565.25,4979.06,-22586.19
GBIUU9K9XJU0,16:00,20Y+,CORPS,Societe Generale,AA,-50000,32494.31,-17505.69
SE0361I2HGJ2,16:00,10Y-20Y,INCO,Bank of America,B,-12494.17,-29672.59,-42166.76
GB6XLPU0DK02,16:00,5Y-10Y,REIT,Goldman Sachs,BBB+,-17802.38,-1645.57,-19447.95
FRET8T63J3R4,16:00,5Y-10Y,FIN,Goldman Sachs,BB,-37446.55,38675.4,1228.85
CA2QC1IYYO48,16:00,2Y-5Y,FIN,BNP,BB,1157.66,-13340.49,-12182.84
CADOJEN0JNW5,16:00,20Y+,INCO,Bank of America,BBB+,-46058.74,-40629.15,-86687.89
GBYQW7LVXWQ4,16:00,0Y-2Y,INCO,JP Morgan Chase,A+,-45690.76,5074.08,-40616.69
AUEBB9EITNN8,16:00,5Y-10Y,GOVT,BNP,BB,2165.25,-26002.47,-23837.22
AUV05X4W7KY3,16:00,20Y+,CORPS,Morgan Stanley,B,-22942.47,30359.6,7417.13
CHQIN9N6XCJ1,16:00,10Y-20Y,FIN,Deutsche Bank,B-,14761.26,21044.42,35805.68
CHDHX8BM92H8,16:00,20Y+,CORPS,UBS,AA,19198.15,24455.21,43653.35
FRV3I12VJ998,16:00,20Y+,GOVT,BNP,AA,-19441.69,29287.05,9845.35
JP2D5EM2VAJ2,16:00,0Y-2Y,CORPS,Bank of America,BB,-30332.89,-7900.11,-38233.0
AUS0R2SDS8B8,16:00,10Y-20Y,INCO,HSBC,BB-,11477.12,5084.44,16561.56
JPQ8CROYR6C1,16:00,0Y-2Y,FIN,Morgan Stanley,BBB+,-18402.62,7214.74,-11187.89
GBAJI0Y6DPB3,17:00,5Y-10Y,INCO,Deutsche Bank,A,3441.19,4900.13,8341.32
FRSAHXTHV3A2,17:00,2Y-5Y,CORPS,Citi,BB,1184.41,-11614.0,-10429.59
AUMF8MDD4V37,17:00,20Y+,REIT,Deutsche Bank,A+,-41976.06,-34842.63,-76818.69
NLE7CKW5NGC3,17:00,20Y+,REIT,BNP,A-,50000,-25386.06,24613.94
JP945NQ4FMY1,17:00,0Y-2Y,GOVT,JP Morgan Chase,A,-419.08,-39711.51,-40130.59
SEWTIQJ7YHL0,17:00,20Y+,GOVT,JP Morgan Chase,BBB+,19107.31,40753.59,59860.9
FR32OC6UZHR7,17:00,5Y-10Y,CORPS,Goldman Sachs,BB-,18338.2,-8429.77,9908.44
DEJIUJV6OH98,17:00,5Y-10Y,REIT,UBS,A,-28799.17,-49710.53,-78509.7
CHDBDW2PCN98,17:00,2Y-5Y,FIN,Goldman Sachs,AA,27180.13,38788.02,65968.15
JP84AZYTJXE6,17:00,2Y-5Y,REIT,UBS,B+,-4452.81,-12323.33,-16776.14
DEQ85JSG65K8,17:00,20Y+,CORPS,Goldman Sachs,B-,-37037.48,12779.33,-24258.14
SEHNF877VRE5,17:00,2Y-5Y,INCO,Goldman Sachs,AA,-46420.27,36954.09,-9466.18
JPIIUC039TE7,17:00,20Y+,GOVT,Goldman Sachs,BB-,42936.76,-41474.85,1461.9
NLFSV871YZO5,17:00,0Y-2Y,INCO,UBS,B,-50000,-21837.52,-71837.52
CH6QICATVAZ0,17:00,20Y+,CORPS,Bank of America,BB-,-3952.26,11085.14,7132.88
FRCBLSKRT059,17:00,0Y-2Y,GOVT,Societe Generale,B+,-15130.44,2865.49,-12264.95
CHIRODXMO5B1,17:00,20Y+,FIN,Deutsche Bank,B+,40676.07,-44379.13,-3703.06
USOM5IGQPKI1,17:00,10Y-20Y,GOVT,JP Morgan Chase,BB+,38455.25,-1609.74,36845.51
CH34DXTAD1I6,17:00,0Y-2Y,CORPS,BNP,BB,-1999.17,-43474.0,-45473.17
CHR56FAO72K8,17:00,0Y-2Y,INCO,HSBC,AA,46626.77,-37358.54,9268.23
CHFK8UT0CVS8,17:00,5Y-10Y,REIT,Societe Generale,B-,20022.61,15382.79,35405.4
DECS4CC5O7U9,17:00,10Y-20Y,CORPS,UBS,B-,50000,27820.32,77820.32
SEBCXULJYLJ2,17:00,0Y-2Y,FIN,Citi,BB-,5627.37,-36036.91,-30409.54
JPQ77AWUDTS2,17:00,0Y-2Y,CORPS,UBS,BBB+,-38503.14,-39488.36,-77991.5
CA55NF4ZW9X0,17:00,10Y-20Y,REIT,BNP,AA+,23213.52,37956.05,61169.57
NLKX7EEDTJV5,17:00,10Y-20Y,FIN,BNP,B-,38798.23,43816.55,82614.78
FRY4SJ6BW3B5,17:00,0Y-2Y,FIN,Goldman Sachs,B,44273.41,-40434.25,3839.15
DEWJ0TPAC568,17:00,10Y-20Y,CORPS,HSBC,BB,-11969.71,21469.61,9499.9
US4UFEL62463,17:00,0Y-2Y,FIN,Deutsche Bank,A-,6662.42,24041.56,30703.98
FRYMU5907IF2,17:00,2Y-5Y,CORPS,JP Morgan Chase,A+,-8758.0,2330.24,-6427.76
AUA0L7253J21,17:00,2Y-5Y,CORPS,BNP,A,-12221.21,-26129.32,-38350.53
AU54I3QK2IA3,17:00,20Y+,GOVT,Societe Generale,B-,11105.42,-10566.8,538.63
AUL58KXO9T71,17:00,20Y+,GOVT,UBS,BB-,889.88,-9290.51,-8400.63
JPG8JDP0LVS6,17:00,5Y-10Y,REIT,Goldman Sachs,BB,30449.14,-21956.97,8492.18
SEGBPS3Y70H6,17:00,20Y+,GOVT,Citi,BB-,40281.29,-37269.25,3012.05
GB87WXE6SYL4,17:00,5Y-10Y,INCO,UBS,A,19723.82,-34916.57,-15192.75
NLEP7Y6WKTA4,17:00,0Y-2Y,REIT,UBS,AA,-3317.0,-21495.08,-24812.09
FRPUXQPHR622,17:00,0Y-2Y,CORPS,JP Morgan Chase,AA+,-14976.12,-2631.87,-17607.99
GBKXWD8IL3F0,17:00,0Y-2Y,CORPS,Morgan Stanley,A,-2378.74,-37620.05,-39998.79
FR9W1Q5UZNO2,17:00,0Y-2Y,GOVT,JP Morgan Chase,AA,34113.95,-46012.9,-11898.96
US6452H2ZQU1,17:00,10Y-20Y,INCO,UBS,BB,3215.24,-10379.08,-7163.84
CHEQTUL1P366,17:00,20Y+,GOVT,Deutsche Bank,B,-8281.55,-27490.0,-35771.56
NLQF5Q14J1R3,17:00,10Y-20Y,INCO,Citi,AA,28893.14,-48239.58,-19346.43
JPPZIM6CFNF3,17:00,20Y+,INCO,Bank of America,A,12125.75,7145.5,19271.25
GBOLQC3O18A9,17:00,5Y-10Y,INCO,UBS,B-,16415.0,-3855.65,12559.35
AUR7KO64T023,17:00,20Y+,GOVT,Morgan Stanley,BB-,-2703.22,-46298.02,-49001.24
CHHPBMYOFQE9,17:00,10Y-20Y,INCO,HSBC,B-,-28133.5,18011.62,-10121.88
NLAOUAXEQBN3,17:00,20Y+,INCO,Goldman Sachs,A-,14200.9,32125.31,46326.21
CHL1N13JCAT5,17:00,0Y-2Y,FIN,JP Morgan Chase,BBB+,17545.39,-5504.7,12040.69
FRX2X18HAFE1,17:00,0Y-2Y,FIN,Societe Generale,B+,-50000,-19168.71,-69168.71
SE8QJNV8Z2F4,17:00,20Y+,REIT,Societe Generale,AA+,-4483.3,48543.87,44060.57
GBU7U6N7HV33,17:00,20Y+,CORPS,Societe Generale,AA,-18608.47,-8228.28,-26836.75
GBZKY22UBTX1,17:00,2Y-5Y,INCO,JP Morgan Chase,B,-19142.81,12420.55,-6722.27
NLXAPRPN6QF2,17:00,5Y-10Y,CORPS,Morgan Stanley,B-,42313.23,2905.34,45218.56
NL8J3TRP0J41,17:00,20Y+,REIT,HSBC,AA,-1592.18,-50000,-51592.18
JP5IQVNB4GH4,17:00,5Y-10Y,CORPS,Bank of America,BB,-5729.87,39091.88,33362.0
CAKV5USGIOT3,17:00,20Y+,CORPS,BNP,BB,-38039.15,-50000,-88039.15
CHXR2DHYLUR8,17:00,2Y-5Y,GOVT,HSBC,BB-,-47028.81,12665.69,-34363.11
CAP0LZJJEGE8,17:00,0Y-2Y,GOVT,BNP,AA,-23374.25,19014.6,-4359.65
DEG0JV1V93K5,17:00,0Y-2Y,GOVT,JP Morgan Chase,AA+,38415.53,26475.04,64890.57
DEKZEBBK7W11,17:00,5Y-10Y,REIT,Citi,B,-23815.67,-19247.39,-43063.05
USUQPGB7R3O1,17:00,2Y-5Y,REIT,Goldman Sachs,AA,-22057.55,10298.86,-11758.68
SEWBFUK9E1V9,17:00,0Y-2Y,REIT,HSBC,BB-,-23848.36,37881.2,14032.85
FR1N6KVPUC81,17:00,0Y-2Y,FIN,UBS,A,-49532.07,40784.54,-8747.53
FRWJCITFOYQ0,17:00,20Y+,REIT,Bank of America,BBB+,-27669.81,-20918.2,-48588.01
FRKK4CIJ2V23,17:00,10Y-20Y,FIN,Deutsche Bank,BB,-35936.73,22134.48,-13802.24
AUEIFJFC2V34,17:00,20Y+,GOVT,Societe Generale,BB+,29710.6,-6016.44,23694.16
CHEYZ7SRCBP5,17:00,20Y+,FIN,HSBC,B-,5755.26,-16530.05,-10774.78
SEJD84U89YJ0,17:00,0Y-2Y,FIN,Societe Generale,B,-4132.77,-25003.35,-29136.12
DEQX6GVWRDM5,17:00,5Y-10Y,INCO,Bank of America,B,42519.11,24673.44,67192.55
CAY4LYK83TQ5,17:00,10Y-20Y,FIN,Morgan Stanley,BB-,-16495.47,38641.02,22145.55
JPL8OS9XTOG5,17:00,5Y-10Y,FIN,Citi,BBB+,12286.96,-18857.95,-6570.99
SE1W1HT7PZE9,17:00,2Y-5Y,FIN,Bank of America,B,27098.99,-30982.15,-3883.16
FRZLAOI4E8X2,17:00,2Y-5Y,INCO,Morgan Stanley,BB,-21072.2,20100.3,-971.91
CH7KZORQQFG9,17:00,5Y-10Y,INCO,UBS,A,-6074.27,3032.56,-3041.71
NL0EC14M2JA4,17:00,0Y-2Y,GOVT,Societe Generale,B,8126.14,-29163.16,-21037.02
SEUX5QRL1N73,17:00,0Y-2Y,INCO,Citi,A+,6209.39,34599.2,40808.59
FRUI1B0Z3NX2,17:00,0Y-2Y,INCO,Societe Generale,BB+,-17701.49,-34423.65,-52125.14
CH8E8LD4D6A2,17:00,10Y-20Y,REIT,Morgan Stanley,B+,1910.39,-43478.57,-41568.18
AU58C2JWOCL8,17:00,10Y-20Y,GOVT,Goldman Sachs,B,14389.95,5749.83,20139.78
AU8W5RTWIYK3,17:00,10Y-20Y,REIT,Bank of America,BB,-6052.73,-47993.74,-54046.47
GBPDW5PY6B24,17:00,10Y-20Y,GOVT,JP Morgan Chase,BB+,41309.57,-5520.25,35789.32
CANFTU2GC5W3,17:00,10Y-20Y,REIT,HSBC,B+,2410.5,-37540.59,-35130.09
CH6FQJJA26Y2,17:00,5Y-10Y,CORPS,Societe Generale,A-,-14195.24,32043.8,17848.56
GBPMVXPJ4HN7,17:00,5Y-10Y,GOVT,Morgan Stanley,BB,-23713.07,266.29,-23446.78
GBIUU9K9XJU0,17:00,20Y+,CORPS,Societe Generale,AA,-45752.39,33365.74,-12386.65
SE0361I2HGJ2,17:00,10Y-20Y,INCO,Bank of America,B,-9560.98,-27010.71,-36571.69
GB6XLPU0DK02,17:00,5Y-10Y,REIT,Goldman Sachs,BBB+,-20451.61,2258.53,-18193.08
FRET8T63J3R4,17:00,5Y-10Y,FIN,Goldman Sachs,BB,-33105.73,36151.74,3046.01
CA2QC1IYYO48,17:00,2Y-5Y,FIN,BNP,BB,3868.63,-16129.04,-12260.41
CADOJEN0JNW5,17:00,20Y+,INCO,Bank of America,BBB+,-46692.54,-41195.15,-87887.69
GBYQW7LVXWQ4,17:00,0Y-2Y,INCO,JP Morgan Chase,A+,-46108.95,3759.22,-42349.73
AUEBB9EITNN8,17:00,5Y-10Y,GOVT,BNP,BB,3397.37,-24837.6,-21440.22
AUV05X4W7KY3,17:00,20Y+,CORPS,Morgan Stanley,B,-20668.29,28197.16,7528.87
CHQIN9N6XCJ1,17:00,10Y-20Y,FIN,Deutsche Bank,B-,13185.09,18690.73,31875.81
CHDHX8BM92H8,17:00,20Y+,CORPS,UBS,AA,17774.93,25190.25,42965.18
FRV3I12VJ998,17:00,20Y+,GOVT,BNP,AA,-15629.08,34195.77,18566.69
JP2D5EM2VAJ2,17:00,0Y-2Y,CORPS,Bank of America,BB,-27923.51,-10210.06,-38133.57
AUS0R2SDS8B8,17:00,10Y-20Y,INCO,HSBC,BB-,13991.62,2760.29,16751.91
JPQ8CROYR6C1,17:00,0Y-2Y,FIN,Morgan Stanley,BBB+,-13446.1,11354.33,-2091.78
